Geography,Definition,Note,1980,1981,1982,1983,1984,1985,1986,1987,1988,1989,1990,1991,1992,1993,1994,1995,1996,1997,1998,1999,2000,2001,2002,2003,2004,2005,2006,2007,2008,2009,2010,2011,2012,2013,2014,2015,2016,2017,2018,2019,2020
Afghanistan,The consumer price index rebased to 2010=100 by the EIU,,–,–,–,–,–,–,–,–,–,–,–,–,–,–,–,–,–,–,–,–,–,–,–,–,64.868,71.582,76.439,83.074,105.021,97.868,100,111.804,119.006,127.795,133.768,132.883,138.709,145.611,146.522,149.896,–
Albania,The consumer price index rebased to 2010=100 by the EIU,,–,–,–,–,–,–,–,–,–,–,–,–,–,–,37.802,40.743,45.961,61.174,73.808,74.119,74.16,76.438,80.401,82.318,84.696,86.663,88.741,91.3,94.4,96.518,100,103.392,105.509,107.566,109.333,111.41,112.845,114.972,117.28,118.966,120.873
Algeria,The consumer price index rebased to 2010=100 by the EIU," As of May 2019, long term forecast (2026-2050) have been revised to take into account the economic impact of climate change ",5.933,6.803,7.248,7.681,8.304,9.174,10.309,11.077,11.731,12.823,14.958,18.83,24.794,29.887,38.568,50.053,59.403,62.809,65.918,67.662,67.891,70.76,71.764,73.616,76.241,79.094,80.914,84.07,87.782,95.981,100,105.739,115.995,120.759,125.429,130.949,138.539,146.755,151.903,155.491,158.724
Angola,The consumer price index rebased to 2010=100 by the EIU,,–,–,–,–,–,–,–,–,–,–,–,–,–,0,0,0.001,0.03,0.095,0.197,0.685,2.909,7.347,15.348,30.424,43.671,53.695,60.839,68.293,76.813,87.359,100,113.482,125.146,136.131,146.042,159.405,208.336,270.512,323.576,378.852,463.228
Anguilla,The consumer price index rebased to 2010=100 by the EIU,,–,–,–,–,–,–,–,–,–,–,51.5,53.9,55.2,57.5,59.5,60.4,62.5,62.6,64.2,65.3,68.4,71.5,71.9,74.2,77.5,81,87.9,91.8,98.6,97.9,100,104.7,106.2,106.4,106.1,105.1,104.5,105.9,106.3,107.1,106.6
Antigua & Barbuda,The consumer price index rebased to 2010=100 by the EIU,,–,–,–,–,–,–,–,–,–,–,–,–,–,–,–,–,–,–,79.568,80.464,81.08,82.219,84.199,85.878,87.621,89.461,91.059,92.349,97.274,96.74,100,103.456,106.951,108.083,109.263,110.319,109.782,112.448,113.809,115.436,116.2
Argentina,The consumer price index rebased to 2010=100 by the EIU,,–,–,–,–,–,0.002,0.002,0.002,0.01,0.326,7.872,21.386,26.711,29.545,30.779,31.818,31.868,32.036,32.332,31.955,31.655,31.318,39.42,44.719,46.693,51.195,56.775,61.788,69.431,81.385,100,124.418,155.886,192.426,265.703,336.217,475.375,601.284,807.387,1239.729,1760.602
Armenia,The consumer price index rebased to 2010=100 by the EIU,,–,–,–,–,–,–,–,–,–,–,–,–,0.027,0.317,16.05,44.289,52.563,59.901,65.096,65.518,65,67.045,67.756,70.955,75.892,76.378,78.584,82.052,89.395,92.44,100,107.65,110.404,116.796,120.278,124.766,123.015,124.208,127.338,129.176,130.741
Aruba,The consumer price index rebased to 2010=100 by the EIU,,31.984,35.883,38.073,39.144,39.975,41.452,41.915,43.441,44.797,46.584,49.303,52.041,54.055,56.877,60.451,62.514,64.495,66.434,67.673,69.212,72.032,74.109,76.567,79.365,81.373,84.137,87.175,91.872,100.104,97.965,100,104.375,104.971,102.481,102.914,103.401,102.44,101.386,105.062,109.199,107.766
Australia,The consumer price index rebased to 2010=100 by the EIU,,27.419,30.047,33.429,36.785,38.241,40.817,44.511,48.309,51.795,55.697,59.781,61.681,62.331,63.398,64.646,67.638,69.407,69.563,70.161,71.202,74.376,77.653,79.969,82.18,84.079,86.342,89.412,91.493,95.473,97.164,100,103.304,105.125,107.7,110.38,112.045,113.45,115.713,117.872,119.797,120.812
Austria,The consumer price index rebased to 2010=100 by the EIU,,48.9,52.2,55,56.8,60.1,62,63,63.923,64.845,66.248,68.096,70.21,72.637,74.954,76.979,78.23,79.617,80.544,81.204,81.623,83.219,85.133,86.566,87.691,89.414,91.292,92.834,94.876,97.938,98.335,100,103.542,106.2,108.449,110.042,110.931,112.009,114.507,116.935,118.679,120.331
Azerbaijan,The consumer price index rebased to 2010=100 by the EIU,,–,–,–,–,–,–,–,–,–,–,0,0.004,0.039,0.475,8.383,42.902,51.41,53.274,52.862,48.32,49.176,49.936,51.313,52.402,55.917,61.272,66.313,77.311,93.379,94.639,100,107.754,108.838,111.476,113.09,117.669,132.305,149.298,152.783,156.927,161.359
Bahamas,The consumer price index rebased to 2010=100 by the EIU,,36.547,40.609,43.051,44.805,46.565,48.692,51.338,54.293,56.683,59.737,62.526,66.975,70.818,72.746,73.764,75.289,76.327,76.743,77.769,78.744,80.009,81.645,83.42,85.943,86.787,88.168,90.275,92.526,96.68,98.674,100,103.199,105.235,106.324,107.582,109.603,109.241,110.88,113.394,116.219,116.264
Bahrain,The consumer price index rebased to 2010=100 by the EIU,,65.239,72.64,79.095,81.446,81.708,79.554,77.728,76.371,76.603,77.741,78.464,79.064,78.927,80.931,81.592,83.799,83.42,85.448,85.135,84.039,83.446,82.439,82.03,83.337,85.298,87.504,89.261,92.168,95.409,98.076,100,99.664,102.411,105.793,108.592,110.599,113.684,115.259,117.669,118.853,116.091
Bangladesh,The consumer price index rebased to 2010=100 by the EIU,,–,–,–,–,–,–,–,–,–,–,–,–,–,36.619,38.557,42.534,43.545,45.811,49.608,52.698,53.95,54.995,56.851,60.045,64.602,69.152,73.833,80.558,87.723,92.481,100,110.26,117.485,126.331,135.164,143.536,151.45,160.086,168.962,178.409,188.562
Barbados,The consumer price index rebased to 2010=100 by the EIU,,29.401,33.684,37.165,39.109,40.941,42.544,43.11,44.538,46.702,49.593,51.117,54.316,57.626,58.268,58.313,59.408,60.826,65.516,64.685,65.694,67.294,69.029,69.133,70.223,71.225,75.545,81.066,84.336,91.174,94.497,100,109.432,114.393,116.468,118.526,117.209,118.981,124.239,128.81,134.091,138.1
Belarus,The consumer price index rebased to 2010=100 by the EIU,,–,–,–,–,–,–,–,–,–,–,–,–,–,–,0.043,0.348,0.533,0.874,1.516,5.964,16.018,25.848,36.902,47.423,56.086,61.896,66.198,71.699,82.299,92.906,100,153.23,243.968,288.622,340.882,386.979,432.754,458.858,481.191,508.138,536.268
Belgium,The consumer price index rebased to 2010=100 by the EIU,,43,46.3,50.3,54.2,57.6,60.4,61.2,62.1,62.9,64.8,67,69.198,70.77,72.506,74.249,75.193,76.542,77.688,78.392,79.279,81.402,83.392,84.685,85.961,87.562,89.762,91.856,93.527,97.728,97.722,100,103.346,106.054,107.377,107.911,108.583,110.506,112.96,115.57,117.016,117.518
Belize,The consumer price index rebased to 2010=100 by the EIU,,–,–,–,54.763,56.624,60.181,60.647,61.851,63.794,65.135,67.16,67.054,68.641,69.646,71.47,73.506,78.239,79.032,78.398,77.419,77.895,78.794,80.539,82.655,85.167,88.287,92.015,94.183,100.185,99.101,100,101.63,102.891,103.437,104.689,103.763,104.46,105.65,105.94,106.134,106.258
Benin,The consumer price index rebased to 2010=100 by the EIU,,–,–,–,–,–,–,–,–,–,–,–,62.997,65.533,65.822,91.183,104.371,109.5,67.604,71.491,71.728,74.74,77.715,79.604,80.818,81.52,85.901,89.131,90.281,97.481,97.901,100,102.729,109.655,110.732,109.509,109.81,108.898,110.805,111.763,110.741,114.072
Bermuda,The consumer price index rebased to 2010=100 by the EIU,,–,–,–,–,–,–,–,–,–,–,–,–,–,–,–,–,–,–,72.571,74.335,76.369,78.553,80.385,82.973,85.874,88.563,88.573,91.531,95.904,97.634,100,102.696,105.187,107.048,109.187,110.302,110.964,90.893,92.114,92.983,93
Bhutan,The consumer price index rebased to 2010=100 by the EIU,,13.942,15.327,16.845,19.881,21.285,21.672,23.829,25.354,27.904,30.354,33.396,37.498,43.49,48.357,51.746,56.653,61.639,65.654,72.598,77.519,62.813,64.956,66.554,68.266,71.071,74.846,78.588,82.64,89.522,93.426,100,108.849,120.735,129.188,139.875,146.231,150.942,158.42,162.734,167.172,176.583
Bolivia,The consumer price index rebased to 2010=100 by the EIU,,0,0,0,0.001,0.003,0.038,4.457,16.774,19.219,22.295,25.677,30.074,36.522,39.636,42.757,47.115,52.971,55.466,59.722,61.013,63.82,64.838,65.437,67.621,70.621,74.433,76.173,82.803,94.401,97.559,100,109.9,114.8,121.4,128.4,133.7,138.5,142.4,145.6,148.3,149.7
Bosnia and Hercegovina,The consumer price index rebased to 2010=100 by the EIU,,–,–,–,–,–,–,–,–,–,–,–,–,–,–,–,–,–,63.926,72.428,74.486,78.19,80.701,80.954,81.397,81.626,84.55,89.654,91.06,98.099,97.882,100,104.114,106.475,106.475,105.39,104.149,102.517,103.342,104.817,105.39,104.279
Botswana,The consumer price index rebased to 2010=100 by the EIU,,5.979,6.956,7.732,8.544,9.274,10.025,11.026,12.111,13.12,14.638,16.313,18.228,21.172,24.206,26.758,29.572,32.552,35.391,37.748,40.559,44.067,46.935,50.689,55.342,59.195,64.328,71.726,76.809,86.509,93.501,100,108.481,116.654,123.511,128.964,132.927,136.669,141.138,145.704,149.771,152.604
Brazil,The consumer price index rebased to 2010=100 by the EIU,,0,0,0,0,0,0,0,0,0,0,0.001,0.005,0.05,1.014,22.072,36.64,42.414,45.352,46.801,49.075,52.532,56.125,60.868,69.824,74.431,79.544,82.871,85.889,90.766,95.203,100,106.636,112.399,119.372,126.927,138.389,150.483,155.669,161.374,167.398,172.774
Brunei,The consumer price index rebased to 2010=100 by the EIU,,–,–,–,–,70.767,72.432,73.722,–,–,76.517,–,–,–,83.839,85.904,91.029,92.846,94.435,93.999,–,95.087,95.653,93.439,93.688,94.475,95.662,95.809,96.734,98.752,99.773,100,100.067,100.179,100.562,100.36,99.895,99.617,98.361,99.265,98.981,100.899
Bulgaria,The consumer price index rebased to 2010=100 by the EIU,,–,–,–,–,–,–,–,–,–,–,0.03,0.155,0.296,0.512,1.004,1.627,3.607,41.778,49.579,50.855,56.101,60.231,63.731,65.227,69.237,72.726,78.007,84.561,95.003,97.617,100,104.22,107.299,108.254,106.719,106.607,105.756,107.936,110.974,114.418,116.333
Burkina Faso,The consumer price index rebased to 2010=100 by the EIU,,52.073,56.008,62.762,67.88,71.17,76.085,74.098,72.11,75.179,74.817,74.44,76.049,74.535,74.948,93.818,100.816,106.963,73.538,77.158,76.328,76.195,79.779,81.633,83.31,82.971,88.285,90.353,90.139,99.777,100.615,100,102.764,106.696,107.257,107.008,107.998,107.73,110.859,112.973,109.388,111.448
Burundi,The consumer price index rebased to 2010=100 by the EIU,,5.057,5.673,6.005,6.495,7.425,7.707,7.836,8.394,8.77,9.793,10.479,11.422,11.63,12.756,14.65,17.472,22.091,28.964,32.585,33.708,41.943,45.842,45.216,50.03,54.121,61.293,62.976,68.274,84.937,93.903,100,109.592,129.495,139.775,145.932,154.024,162.584,188.683,183.372,182.112,195.445
Cabo Verde,The consumer price index rebased to 2010=100 by the EIU,,–,–,–,29.562,32.887,34.661,38.43,39.908,41.534,43.426,48.052,52.642,54.282,57.424,59.407,64.368,68.207,74.043,77.296,80.663,78.665,81.3,82.832,83.817,82.232,82.576,87.01,90.848,97.002,97.964,100,104.474,107.128,108.742,108.482,108.625,107.095,107.935,109.291,110.502,111.171
Cambodia,The consumer price index rebased to 2010=100 by the EIU,,–,–,–,–,–,–,–,–,–,–,–,–,–,–,44.843,44.531,47.715,51.513,59.14,61.511,61.024,60.629,60.757,61.329,63.978,68.211,72.174,78.46,97.366,96.157,100,105.479,108.572,111.767,116.076,117.493,121.044,124.569,127.633,130.113,133.938
Cameroon,The consumer price index rebased to 2010=100 by the EIU,,21.55,23.861,27.025,31.519,35.104,38.091,41.05,46.445,47.226,46.439,46.95,46.978,46.971,45.508,61.42,66.991,69.619,72.951,75.265,76.673,77.614,81.045,83.342,83.861,84.057,85.75,90.138,90.968,95.824,98.741,100,102.94,105.763,107.941,109.92,112.873,113.845,114.577,115.808,118.649,121.541
Canada,The consumer price index rebased to 2010=100 by the Economist Intelligence Unit,,36.039,41.172,46.144,49.017,51.222,53.334,55.669,58.205,60.651,63.83,67.035,71.029,72.104,73.449,73.549,75.159,76.347,77.577,78.343,79.71,81.892,83.945,85.855,88.209,89.833,91.837,93.69,95.686,97.968,98.261,100,102.89,104.464,105.43,107.455,108.657,110.217,111.984,114.495,116.735,117.593
Cayman Islands,The consumer price index rebased to 2010=100 by the EIU,,–,–,–,–,–,–,–,–,–,–,–,–,–,–,–,67.459,69.178,71.1,73.224,78.18,80.303,81.214,83.236,83.692,87.434,93.805,94.513,97.269,101.264,99.747,100,101.393,102.588,104.821,106.119,103.652,102.951,105.002,108.508,114.635,115.8
Central African Republic,The consumer price index rebased to 2010=100 by the EIU,,–,36.774,41.663,47.751,48.965,54.069,55.283,51.42,49.382,49.722,49.716,48.343,47.843,46.448,57.861,68.964,71.533,72.686,71.315,70.307,72.559,75.342,77.098,80.286,78.627,80.894,86.285,87.114,95.179,98.531,100,101.194,106.738,114.198,131.212,133.053,139.633,145.47,147.816,151.785,155.282
Chad,The consumer price index rebased to 2010=100 by the EIU,,–,–,34.168,38.113,45.835,48.202,41.909,40.759,45.529,43.85,43.526,44.916,43.518,39.85,56.478,61.691,68.681,72.508,75.596,69.529,72.187,81.161,85.375,83.878,79.386,85.65,92.533,84.229,92.902,102.148,100,102.029,109.698,109.943,111.792,116.685,115.76,113.981,118.853,117.698,123
Chile,The consumer price index rebased to 2010=100 by the EIU,,4.666,5.585,6.14,7.814,9.365,12.241,14.625,17.533,20.107,23.531,29.658,36.118,41.69,46.996,52.374,56.686,60.857,64.59,67.891,70.156,72.853,75.453,77.331,79.504,80.343,82.795,85.604,89.377,97.168,98.61,100,103.341,106.448,108.357,113.467,118.401,122.885,125.567,128.479,131.375,135.376
China,The consumer price index rebased to 2010=100 by the EIU,,–,–,–,–,22.501,24.646,26.04,27.929,33.197,39.242,40.437,41.882,44.558,51.071,63.459,74.094,80.242,82.481,81.843,80.699,80.985,81.559,80.959,81.873,85.008,86.518,87.945,92.182,97.629,96.917,100,105.53,108.283,111.067,113.344,115.093,117.531,119.32,121.621,125.151,128.263
Colombia,The consumer price index rebased to 2010=100 by the EIU,,1.124,1.433,1.787,2.137,2.484,3.081,3.66,4.514,5.784,7.281,9.402,12.254,15.567,19.06,23.416,28.308,34.195,40.513,48.078,53.306,58.224,62.86,66.851,71.615,75.843,79.67,83.094,87.701,93.838,97.782,100,103.416,106.694,108.847,112.005,117.591,126.426,131.882,136.156,140.949,144.509
Comoros,The consumer price index rebased to 2010=100 by the EIU,,–,–,–,–,–,–,–,–,–,–,–,–,–,–,71.427,66.403,66.403,67.408,70.271,69.367,71.69,75.66,78.33,81.402,85.068,87.634,90.95,94.629,99.211,96.296,100,101.722,105.833,106.356,106.382,107.354,108.21,108.31,110.154,114.238,115.266
Congo (Brazzaville),The consumer price index rebased to 2010=100 by the EIU,,–,–,–,–,34.021,–,–,–,–,–,37.886,37.25,35.785,37.546,53.481,58.518,64.388,79.604,73.522,76.568,75.893,75.935,79.26,78.759,80.673,83.099,88.541,90.891,95.398,99.61,100,101.76,106.858,111.807,112.827,116.403,120.117,120.657,122.048,124.741,127.008
Congo (Democratic Republic),The consumer price index rebased to 2010=100 by the EIU,,0,0,0,0,0,0,0,0,0,0,0,0,0,0,0.002,0.013,0.096,0.223,0.288,1.107,6.799,31.27,41.127,46.422,48.276,58.567,66.211,77.431,90.828,120.471,100,115.317,125.193,126.205,127.773,128.724,132.439,176.086,227.618,238.326,265.395
Cook Islands,The consumer price index rebased to 2010=100 by the EIU,,–,–,–,–,–,–,–,–,–,–,56.729,57.922,59.966,64.14,65.332,66.61,66.184,65.928,66.44,67.291,69.421,75.468,78.024,79.557,80.324,82.283,85.009,87.138,94.037,100.256,100,102.215,105.281,107.24,109.455,111.584,111.244,111.158,111.329,112.181,–
Costa Rica,The consumer price index rebased to 2010=100 by the EIU,,0.878,1.203,2.287,3.033,3.395,3.906,4.369,5.105,6.168,7.186,8.555,11.01,13.409,14.721,16.714,20.589,24.194,27.399,30.594,33.667,37.358,41.563,45.373,49.659,55.775,63.471,70.751,77.371,87.758,94.641,100,104.878,109.593,115.326,120.538,121.505,121.483,123.458,126.201,128.846,129.78
Croatia,The consumer price index rebased to 2010=100 by the EIU,,–,–,–,–,–,–,–,–,–,–,–,–,1.864,30.166,59.58,60.75,62.963,65.299,69.667,72.477,75.814,78.678,79.993,81.407,83.08,85.836,88.574,91.142,96.68,98.958,100,102.273,105.762,108.107,107.874,107.373,106.165,107.364,108.975,109.816,109.986
Cuba,The consumer price index rebased to 2010=100 by the EIU,,–,–,–,–,–,–,–,–,–,–,–,–,–,–,84.7,76.2,70.7,70.1,73.3,74.8,75.2,74.7,81.2,81.8,83.2,86.1,89.7,95,96.7,98,100,104.8,110.6,117.2,123.4,129.1,134.9,142.3,152.1,160.7,175.9
Curaçao,The consumer price index rebased to 2010=100 by the EIU,,–,–,–,–,–,–,–,–,–,–,–,–,–,–,–,–,–,–,–,–,–,–,–,–,–,–,–,89.475,95.626,97.298,100,79.355,105.582,106.972,108.634,108.11,108.022,109.771,85.23,87.387,89.37
Cyprus,The consumer price index rebased to 2010=100 by the EIU,,33.657,37.274,39.671,41.675,44.172,46.396,46.961,48.272,49.927,51.807,54.14,56.866,60.725,63.508,66.492,68.231,70.252,72.582,74.28,75.124,78.778,80.342,82.583,85.867,87.496,89.269,91.275,93.25,97.334,97.503,100,103.486,106.693,107.101,106.822,105.166,103.886,104.585,105.413,105.99,104.817
Czech Republic,The consumer price index rebased to 2010=100 by the EIU,,–,–,–,–,–,–,–,–,–,–,–,34.922,38.774,46.775,51.389,56.119,61.046,66.314,73.41,74.996,77.818,81.464,82.996,83.094,85.379,86.983,89.178,91.749,97.536,98.54,100,101.908,105.25,106.764,107.14,107.49,108.206,110.876,113.25,116.485,120.167
Côte d'Ivoire,The consumer price index rebased to 2010=100 by the EIU,,25.354,27.585,29.677,31.351,32.695,33.304,36.529,39.065,41.772,42.211,41.9,42.6,44.4,45.3,57.2,65.3,67,69.6,72.9,73.4,75.2,78.5,80.9,83.6,84.8,88.106,90.28,91.988,97.791,98.788,100,104.912,106.281,109.024,109.513,110.884,111.686,112.452,112.856,111.607,114.5
Denmark,The consumer price index rebased to 2010=100 by the EIU,0,37.258,41.605,45.836,48.96,52.075,54.512,56.538,58.797,61.421,64.358,66.072,67.669,69.089,69.928,71.338,72.82,74.382,76.006,77.399,79.309,81.648,83.567,85.602,87.387,88.387,89.994,91.708,93.288,96.483,97.724,100,102.74,105.195,106.025,106.623,107.123,107.391,108.614,109.489,110.337,110.81
Djibouti,The consumer price index rebased to 2010=100 by the EIU,,–,97.601,95.247,96.106,97.919,100.003,118.149,122.98,–,–,–,–,–,–,–,–,–,–,–,68.567,70.075,71.3,71.755,73.178,75.455,77.8,80.513,84.511,94.615,96.202,100,105.07,108.992,111.941,113.443,112.482,115.56,116.218,116.389,120.251,122.39
Dominica,The consumer price index rebased to 2010=100 by the EIU,,41.499,47.005,49.071,51.106,52.24,54.193,55.697,57.938,59.633,63.341,65.362,68.994,72.77,73.911,73.923,74.897,76.153,78.008,78.787,79.717,80.4,81.448,81.587,82.772,84.754,86.18,88.078,91.277,97.082,97.088,100,101.131,102.503,102.456,103.275,102.403,102.548,102.852,103.87,105.432,104.666
Dominican Republic,The consumer price index rebased to 2010=100 by the EIU,,1.486,1.597,1.719,1.816,2.182,3.171,3.414,3.876,5.576,7.844,11.802,17.358,18.097,19.047,20.621,23.203,24.456,26.485,27.765,29.564,31.846,34.675,36.485,46.505,70.43,73.384,78.942,83.791,92.711,94.05,100,108.462,112.469,117.9,121.437,122.453,124.429,128.509,133.091,135.498,140.6
Ecuador,The consumer price index rebased to 2010=100 by the EIU,,0.059,0.07,0.081,0.122,0.158,0.203,0.248,0.321,0.51,0.894,1.327,1.973,3.051,4.423,5.634,6.925,8.621,11.267,15.342,23.352,45.78,62.919,70.736,76.334,78.436,80.163,82.821,84.716,91.836,96.571,100,104.472,109.799,112.787,116.839,121.475,123.576,124.091,123.817,124.147,123.725
Egypt,The consumer price index rebased to 2010=100 by the EIU,,4.048,4.422,5.124,5.92,6.879,7.745,9.64,11.441,13.547,16.378,19.139,22.953,26.088,29.2,31.563,36.57,39.214,40.922,42.653,43.893,45.063,46.093,47.333,49.509,55.101,57.745,62.19,68.063,80.51,90.033,100,110.084,117.969,129.106,142.139,156.855,178.545,231.212,264.483,288.746,303.346
El Salvador,The consumer price index rebased to 2010=100 by the EIU,,5.6,6.5,7.2,8.2,9.1,11.2,14.7,18.4,22.1,25.9,32.2,36.8,40.9,48.5,53.6,59,64.8,67.7,69.4,69.8,71.4,74.1,75.4,77,80.5,84.241,87.64,91.654,98.306,98.834,100,105.129,106.947,107.758,108.988,108.19,108.844,109.948,111.144,111.226,110.815
Equatorial Guinea,The consumer price index rebased to 2010=100 by the EIU,,–,–,–,–,–,37.872,31.189,27.073,27.756,29.489,29.739,28.698,27.489,28.981,38.205,45.805,47.879,49.338,53.221,53.421,55.995,60.937,65.57,70.377,73.336,77.485,80.893,83.168,88.618,92.767,100,104.8,108.633,111.841,116.657,118.607,120.283,121.197,122.836,124.31,130.276
Eritrea,The consumer price index rebased to 2010=100 by the EIU,,–,–,–,–,–,–,–,–,–,–,–,–,8.807,9.228,10.441,11.692,12.895,13.378,14.644,15.874,19.04,21.825,25.508,31.29,39.147,44.043,50.676,55.444,67.735,90.664,100,105.887,110.92,117.506,129.295,166.123,156.859,135.987,116.404,97.4,102.1
Estonia,The consumer price index rebased to 2010=100 by the EIU,,–,–,–,–,–,–,–,–,–,–,–,0.983,11.555,21.933,32.378,41.779,51.405,57.154,61.845,63.889,66.452,70.274,72.778,73.753,76.001,79.109,82.614,88.064,97.193,97.11,100,104.978,109.108,112.151,112.027,111.477,111.643,115.455,119.419,122.151,121.603
Eswatini,The consumer price index rebased to 2010=100 by the EIU,Not Seasonally Adjusted,5.365,6.441,7.138,7.963,8.994,10.784,12.027,13.535,16.82,18.089,20.457,22.285,23.969,26.851,30.548,34.302,36.506,39.108,42.279,44.853,50.329,53.32,59.729,64.083,66.291,69.538,73.14,79.047,89.052,95.685,100,106.107,115.593,122.091,129.027,135.416,146.042,155.128,162.598,166.822,173.5
Ethiopia,The consumer price index rebased to 2010=100 by the EIU,Non-seasonally adjusted,12.919,13.712,14.52,14.422,15.636,18.616,16.79,16.383,17.543,18.914,19.888,26.993,29.835,30.892,33.238,36.569,34.715,34.268,34.575,37.32,37.567,34.486,34.719,39.467,40.78,44.846,50.361,59.044,85.234,92.465,100,133.25,148.886,160.958,172.876,190.362,204.182,226.476,257.8,298.602,359.346
Fiji,The consumer price index rebased to 2010=100 by the EIU,,25.894,28.789,30.813,32.879,34.618,36.149,36.799,38.883,43.455,46.145,49.925,53.169,55.765,58.786,59.148,60.429,62.272,64.369,68.046,69.385,70.143,73.14,73.697,76.773,78.943,80.811,82.824,86.802,93.514,96.442,100,107.278,110.951,114.183,114.776,116.354,120.849,124.895,129.992,132.297,128.864
Finland,The consumer price index rebased to 2010=100 by the EIU,,44.945,50.294,55.101,59.716,63.936,67.679,70.128,72.67,76.257,81.248,68.697,71.844,74.156,76.633,77.862,78.165,79.018,79.982,81.055,82.138,84.55,86.817,88.514,89.67,89.817,90.541,91.642,93.101,96.817,98.358,100,103.303,106.578,108.945,110.229,110.073,110.523,111.45,112.761,114.037,114.486
France,The consumer price index rebased to 2010=100 by the EIU,,37.791,42.832,47.964,52.487,56.518,59.812,61.314,63.34,65.063,67.332,69.613,71.985,73.751,75.389,76.659,78.03,79.666,80.683,81.224,81.695,83.168,84.675,86.297,88.174,90.239,91.929,93.679,95.185,98.193,98.292,100,102.29,104.555,105.589,106.234,106.328,106.653,107.896,110.158,111.587,112.173
Gabon,The consumer price index rebased to 2010=100 by the EIU,,36.912,40.126,46.821,51.689,54.7,58.714,62.465,61.824,55.785,58.85,64.874,57.432,51.951,52.228,71.091,77.949,78.487,81.605,82.788,81.184,81.594,83.338,83.369,85.233,85.58,88.754,87.503,91.905,96.743,98.567,100,101.263,103.949,104.475,109.375,109.004,111.301,114.252,119.678,122.628,124.071
Gambia,The consumer price index rebased to 2010=100 by the EIU,Not Seasonally Adjusted,6.829,7.235,8.02,8.873,10.834,12.819,20.069,24.791,27.69,29.981,33.629,36.535,40.001,42.587,43.315,46.339,46.848,48.151,48.688,50.544,50.971,53.261,57.846,67.699,77.317,81.058,82.725,87.167,91.04,95.193,100,104.796,109.254,115.481,122.35,130.68,140.126,151.384,161.257,172.73,182.976
Georgia,The consumer price index rebased to 2010=100 by the EIU,Not seasonally adjusted.,–,–,–,–,–,–,–,–,–,–,–,–,–,–,–,–,38.403,41.153,42.62,50.779,52.804,55.296,58.4,61.2,64.6,69.964,76.39,83.44,91.783,93.358,100,108.551,107.534,106.984,110.268,114.685,117.118,124.177,127.444,133.611,140.578
Germany,The consumer price index rebased to 2010=100 by the EIU,Data prior to 1991 are for west Germany (incl west Berlin) only. ,61.176,65.063,68.472,70.687,72.478,73.843,73.78,73.897,74.964,77.053,79.087,82.405,86.601,90.434,92.939,80.822,81.74,82.981,83.485,84.015,85.212,86.831,87.973,88.918,90.474,92.219,93.901,96.024,98.66,98.903,100,102.483,104.696,106.378,107.178,107.907,108.33,110.174,112.314,113.844,114.266
Ghana,The consumer price index rebased to 2010=100 by the EIU,,0.053,0.114,0.139,0.31,0.433,0.477,0.595,0.831,1.092,1.367,1.877,2.215,2.433,3.04,3.796,6.054,8.872,11.23,13.06,13.701,19.207,27.178,29.723,38.577,45.535,52.567,58.701,65.004,75.728,90.307,100,108.724,118.353,132.114,152.582,178.762,209.973,235.956,258.786,278.551,306.254
Greece,The consumer price index rebased to 2010=100 by the EIU,,–,–,–,–,–,–,–,–,–,–,–,–,–,–,–,57.259,61.764,65.123,68.064,69.526,71.545,74.153,77.06,79.716,82.118,84.978,87.793,90.413,94.24,95.508,100,103.121,104.195,103.312,101.877,100.76,100.774,101.922,102.712,103.243,101.939
Grenada,The consumer price index rebased to 2010=100 by the EIU,,36.189,42.988,46.346,49.171,51.954,53.253,53.55,53.083,55.206,58.294,59.882,61.466,63.788,65.58,67.287,69.324,70.733,71.613,72.6,73.019,74.612,75.848,76.658,78.309,80.121,82.906,86.431,89.766,96.977,96.678,100,103.033,105.517,105.471,104.433,103.895,105.61,106.569,107.426,108.069,107.268
Guatemala,The consumer price index rebased to 2010=100 by the EIU,non seasonally adjusted,4.839,5.392,5.409,5.654,5.847,6.939,9.502,10.673,11.829,13.176,18.608,24.78,26.007,29.482,33.17,35.96,39.936,43.624,46.51,48.933,51.858,55.636,60.162,63.533,68.348,74.572,79.465,84.887,94.525,96.283,100,106.215,110.233,115.021,118.953,121.794,127.212,132.841,137.825,142.924,147.518
Guinea,The consumer price index rebased to 2010=100 by the EIU,,–,–,–,–,–,–,–,–,–,–,–,–,–,–,66.303,68.236,69.558,73.117,76.473,81.659,86.032,88.574,100,112.9,32.15,42.235,56.888,67.227,82.733,86.608,100,121.35,139.825,156.448,167.513,185.639,200.808,218.709,240.202,262.951,290.827
Guinea-Bissau,The consumer price index rebased to 2014=100 by the EIU,,–,–,–,–,–,–,1.525,2.937,4.708,8.511,11.32,17.84,30.253,44.807,51.607,75.019,106.933,–,–,–,–,–,86.901,83.818,84.539,87.382,89.102,93.192,100.597,97.799,100,105.061,107.28,108.056,106.942,108.528,110.15,111.228,111.673,111.941,113.625
Guyana,The consumer price index rebased to 2010=100 by the EIU,,–,–,–,–,–,–,–,–,–,–,–,–,–,–,37.986,42.625,45.649,47.272,49.44,53.167,56.436,57.919,61.012,64.661,67.68,72.368,77.2,86.619,93.637,96.401,100,104.978,107.489,109.532,110.466,109.36,110.274,112.374,113.816,116.191,117.385
Haiti,The consumer price index rebased to 2010=100 by the EIU,,3.217,3.566,3.828,4.22,4.491,4.969,5.132,4.544,4.731,5.058,6.135,7.081,8.451,10.358,14.765,18.525,22.167,27.215,28.649,29.509,32.264,36.56,39.131,50.362,60.954,69.471,77.353,82.425,95.021,95.395,100,106.333,111.669,116.99,121.012,129.158,144.015,159.396,179.291,212.825,261.342
Honduras,The consumer price index rebased to 2010=100 by the EIU,,–,–,–,–,–,–,–,–,–,–,–,12.079,13.142,14.554,17.717,22.936,28.4,34.137,38.803,43.329,48.115,52.766,56.83,61.19,66.155,71.982,75.997,81.268,90.536,95.513,100,106.762,112.31,118.107,125.346,129.304,132.828,138.053,144.055,150.344,155.559
Hong Kong,The consumer price index rebased to 2010=100 by the EIU,,26.447,28.937,32.124,35.312,38.331,39.694,41.113,43.444,46.846,51.633,56.961,63.336,69.408,75.513,82.169,89.592,95.258,100.8,103.649,99.538,95.832,94.289,91.417,89.052,88.725,89.536,91.327,93.185,97.195,97.759,100,105.305,109.574,114.328,119.385,122.956,125.918,127.799,130.874,134.647,134.985
Hungary,The consumer price index rebased to 2010=100 by the EIU,,–,–,–,–,–,–,–,–,–,–,–,–,15.373,18.826,22.379,28.713,35.452,41.941,47.877,52.664,57.83,63.129,66.465,69.566,74.26,76.905,79.925,86.294,91.513,95.365,100,103.924,109.815,111.704,111.455,111.374,111.814,114.441,117.685,121.626,125.672
Iceland,The consumer price index rebased to 2010=100 by the EIU,,–,–,–,–,–,–,–,–,29.657,34.585,39.95,42.67,44.36,46.171,46.887,47.663,48.736,49.612,50.456,52.081,54.747,58.249,61.264,62.528,64.498,67.078,71.555,75.181,84.709,94.876,100,103.997,109.391,113.627,115.953,117.847,119.846,121.954,125.229,128.996,132.675
India,The consumer price index rebased to 2010=100 by the EIU,,10.237,11.573,12.507,13.982,15.143,15.974,17.366,18.899,20.492,21.362,23.27,26.497,29.623,31.507,34.718,38.266,41.708,44.702,50.601,52.983,55.119,57.202,60.199,62.802,65.217,67.672,71.744,76.062,82.579,90.624,100,108.321,118.476,130.445,138.815,145.637,152.854,157.951,164.143,170.275,181.554
Indonesia,The consumer price index rebased to 2010=100 by the EIU,,5.555,6.236,6.825,7.633,8.428,8.824,9.337,10.203,11.026,11.735,12.65,13.847,14.896,16.333,17.727,19.396,20.937,22.24,35.262,42.441,44.012,49.059,54.899,58.631,62.181,68.685,77.68,82.593,90.744,95.106,100,105.348,109.547,116.57,124.031,131.916,136.57,141.769,146.436,150.563,153.624
Iran,The consumer price index rebased to 2010=100 by the EIU,,0.6,0.7,0.8,1,1.1,1.2,1.4,1.8,2.3,2.8,3.037,3.509,4.451,5.368,7.07,10.526,13.668,15.947,18.827,22.65,25.844,28.83,32.914,38.361,44.148,49.411,54.36,63.786,79.995,90.835,100,120.869,160.749,219.56,255.983,287.955,308.824,333.674,393.82,551.218,719.482
Iraq,The consumer price index rebased to 2010=100 by the EIU,,–,–,–,–,–,–,–,–,–,0,0,0.1,0.1,0.4,2.2,10.6,9,11.1,12.7,14.3,15,17.5,20.9,27.9,35.4,48.489,74.3,97.2,99.8,97.628,100,105.604,112.034,114.14,116.692,114.006,114.464,114.693,115.096,114.867,115.526
Ireland,The consumer price index rebased to 2010=100 by the EIU,Seasonally Adjusted; pre-1995 estimation using local source inflation,29.103,35.035,41.011,45.325,49.187,51.866,53.875,55.597,56.754,59.059,61.025,63.025,64.93,65.826,67.357,69.096,70.314,71.306,73.071,74.202,78.368,82.143,85.944,88.962,90.928,93.12,96.79,101.548,105.645,100.931,100,102.575,104.305,104.827,105.027,104.714,104.732,105.08,105.593,106.593,106.228
Israel,The consumer price index rebased to 2010=100 by the EIU,,0.05,0.108,0.238,0.584,2.766,11.189,16.577,19.868,23.093,27.769,32.538,38.722,43.348,48.092,54.028,59.454,66.158,72.113,76.033,79.982,80.899,81.777,86.445,87.009,86.642,87.807,89.661,90.118,94.257,97.393,100,103.449,105.214,106.809,107.328,106.648,106.065,106.325,107.194,108.099,107.463
Italy,The consumer price index rebased to 2010=100 by the EIU,Seasonally adjusted,19.065,23.655,28.326,33.179,37.193,40.946,43.517,45.673,48.156,51.351,54.894,58.567,61.736,64.604,67.375,71.121,74.009,75.369,76.909,78.188,80.196,82.07,84.195,86.563,88.545,90.481,92.498,94.38,97.677,98.415,100,102.954,106.358,107.682,107.943,108.051,108.015,109.438,110.807,111.5,111.347
Jamaica,The consumer price index rebased to 2010=100 by the EIU,,0.911,0.979,1.129,1.251,1.619,2.013,2.312,2.462,2.652,3.06,3.713,5.645,9.984,12.187,16.472,19.736,24.973,27.38,29.733,31.502,34.032,36.344,38.942,42.886,48.681,56.012,60.773,66.417,81.026,88.792,100,107.535,114.948,125.694,136.113,141.118,144.41,150.762,156.393,162.5,171.763
Japan,The consumer price index rebased to 2010=100 by the EIU,,77.149,80.954,83.178,84.742,86.65,88.416,88.952,89.067,89.647,91.703,94.516,97.609,99.297,100.545,101.239,101.151,101.292,103.015,103.683,103.322,102.61,101.898,100.984,100.721,100.712,100.422,100.677,100.721,102.109,100.747,100,99.728,99.684,100.018,102.777,103.595,103.463,103.964,104.992,105.484,105.458
Jordan,The consumer price index rebased to 2010=100 by the EIU,,38.794,43.493,46.294,47.203,48.997,50.47,50.462,50.333,51.918,67.481,78.425,84.822,88.21,56.063,57.353,58.694,62.531,64.41,66.401,66.798,67.246,68.437,69.692,71.326,73.212,75.764,80.491,84.309,96.089,95.376,100,104.16,108.863,114.119,117.424,116.394,115.489,119.33,124.655,125.601,126.02
Kazakhstan,The consumer price index rebased to 2010=100 by the EIU,,–,–,–,–,–,–,–,–,–,–,–,–,0.2,0.5,7.375,20.343,28.307,33.276,35.682,38.66,43.854,47.645,50.485,53.705,57.462,61.721,67.036,74.273,87.015,93.369,100,108.38,113.937,120.568,128.497,137.171,157.15,168.871,179.017,188.47,201.212
Kenya,The consumer price index rebased to 2010=100 by the EIU,,3.63,4.051,4.888,5.445,5.627,6.167,6.819,7.408,8.327,9.443,10.921,12.994,16.545,24.163,31.095,31.59,34.392,38.276,40.357,42.697,46.956,49.643,50.62,55.569,62.153,68.283,72.4,75.5,86.9,96.1,100,114,124.7,131.8,140.9,150.185,159.685,172.39,180.488,191.076,201.298
Kiribati,The consumer price index rebased to 2010=100 by the EIU,,–,–,–,–,–,–,–,–,–,–,–,–,–,262.512,273.083,284.375,–,81.605,84.568,86.089,86.372,91.561,94.466,96.216,95.299,94.967,80.173,83.364,94.756,103.075,100,101.497,98.406,96.942,98.981,99.547,101.456,101.817,101.817,100.535,–
Kuwait,The consumer price index rebased to 2010=100 by the EIU,,38.6,41.5,44.7,46.8,47.4,48.1,48.5,48.8,49.6,51.2,52.2,61,61,61.3,62.8,64.5,66.8,67.2,67.3,69.3,70.6,71.8,72.6,72.9,73.8,76.8,79.2,83.5,92.3,96,100,104.8,108.3,111.3,114.5,118.2,121.7,123.6,124.3,125.7,128.3
Kyrgyz Republic,The consumer price index rebased to 2010=100 by the EIU,,–,–,–,–,–,–,–,–,–,–,–,–,–,–,–,16.742,22.091,27.268,30.12,40.933,48.992,52.382,53.5,55.092,57.346,59.849,63.166,69.639,86.705,92.629,100,116.647,119.878,127.813,137.443,146.374,146.953,151.611,153.945,155.7,165.54
Laos,The consumer price index rebased to 2010=100 by the EIU,,–,–,–,–,–,–,–,–,1.677,2.706,3.67,4.163,4.574,4.861,5.191,6.208,7.016,8.946,17.086,38.489,48.177,51.901,57.42,66.314,73.254,78.505,83.646,87.544,94.224,94.355,100,107.57,112.147,119.293,124.22,125.806,127.816,128.872,131.499,135.869,142.8
Latvia,The consumer price index rebased to 2010=100 by the EIU,,–,–,–,–,–,–,–,–,–,–,0.645,1.12,11.831,24.756,33.611,42.001,49.619,53.832,56.323,57.659,59.183,60.644,61.827,63.646,67.581,72.143,76.876,84.62,97.661,101.102,100,104.365,106.74,106.713,107.377,107.547,107.708,110.854,113.669,116.868,117.119
Lebanon,The consumer price index rebased to 2010=100 by the EIU,,–,–,–,–,–,–,–,–,–,16.7,17,17.4,38.1,49.1,55,62.1,67.7,71.2,73.9,74.3,73.6,74.6,77.7,78.4,80.466,79.507,81.425,86.072,95.034,96.189,100,104.986,111.887,118.106,119.439,114.947,114.019,119.133,126.35,130.003,240.349
Lesotho,The consumer price index rebased to 2010=100 by the EIU,,10.775,12.125,13.6,15.925,17.7,20.075,23.675,26.45,29.5,33.825,37.775,44.45,52.1,58.925,63.8,69.7,76.2,80,87.667,94.2,100,90.35,61.301,65.365,68.649,71.009,75.321,81.356,90.074,96.654,100,105.037,111.393,116.812,123.085,127.047,135.427,141.451,148.172,155.858,163.617
Liberia,The consumer price index rebased to 2010=100 by the EIU,,–,–,–,–,–,–,–,–,–,–,–,–,–,–,–,–,–,–,–,–,–,41.028,46.838,51.678,55.723,61.649,66.293,73.846,86.762,93.206,100,108.488,115.901,124.683,136.978,147.591,160.629,180.579,223.131,283.304,331.337
Libya,The consumer price index rebased to 2010=100 by the EIU,,22.364,24.466,23.482,23.348,22.52,26.411,23.638,25.181,22.118,23.817,16.324,19.967,24.777,36.437,54.655,69.23,96.194,99.657,103.344,106.031,101.153,90.836,84.023,82.931,92.864,95.552,95.552,95.552,97.858,100,100,100,100,100,138.138,151.73,191.021,245.367,264.389,258.672,262.415
Lithuania,The consumer price index rebased to 2010=100 by the EIU,,–,–,–,–,–,–,–,–,–,–,–,–,–,–,–,49.966,62.334,68.764,72.456,73.502,74.306,75.458,75.711,74.896,75.761,77.785,80.707,85.403,94.875,98.823,100,104.124,107.419,108.669,108.932,108.195,108.929,112.979,115.839,118.436,119.694
Luxembourg,The consumer price index rebased to 2010=100 by the EIU,,40.1,43.3,47.3,51.4,54.7,57,57.2,57.1,57.9,59.9,61.8,63.8,65.8,68.1,69.6,70.945,71.77,72.761,73.466,74.216,77.023,78.875,80.496,82.531,85.209,88.413,91.032,93.449,97.273,97.281,100,103.729,106.723,108.536,109.29,109.357,109.404,111.716,113.968,115.851,115.857
Macau,The consumer price index rebased to 2010=100 by the EIU,,–,–,–,–,–,–,–,–,54.376,59.146,63.86,69.97,75.368,80.422,85.45,92.763,97.237,100.631,84.55,81.841,80.523,78.925,76.843,75.643,76.385,79.742,83.849,88.521,96.143,97.267,100,105.806,112.268,118.444,125.607,131.336,134.447,136.098,140.187,144.045,145.214
Madagascar,The consumer price index rebased to 2010=100 by the EIU,,1.651,2.155,2.84,3.389,3.723,4.116,4.712,5.419,6.874,7.494,8.377,9.097,10.417,11.459,15.922,23.737,28.426,29.701,31.545,34.109,37.749,40.737,47.459,46.65,53.16,62.922,69.696,76.867,84.013,91.535,100,109.483,115.738,122.482,129.929,139.549,147.972,160.711,174.523,184.315,192.059
Malawi,The consumer price index rebased to 2010=100 by the EIU,,0.472,0.527,0.579,0.657,0.789,0.872,0.994,1.244,1.666,1.874,2.095,2.36,2.92,3.585,4.828,8.85,12.178,13.291,17.244,24.971,32.357,39.702,45.556,49.919,55.625,64.197,73.168,78.986,85.868,93.1,100,107.623,130.516,166.125,205.649,250.619,305.031,340.242,382.501,418.344,454.429
Malaysia,The consumer price index rebased to 2010=100 by the EIU,,41.343,45.259,47.825,49.567,51.5,51.691,52.041,52.2,53.533,55.049,56.757,59.198,62.023,64.306,66.572,68.889,71.305,73.179,77.054,79.162,80.42,81.545,83.028,83.878,85.102,87.677,90.852,92.693,97.725,98.3,100,103.174,104.891,107.099,110.465,112.79,115.131,119.505,120.663,121.463,120.08
Maldives,The consumer price index rebased to 2010=100 by the EIU,,–,–,–,–,–,24.801,27.215,29.854,31.783,34.063,35.303,40.498,47.326,56.851,58.776,62.002,65.872,70.86,69.864,71.93,71.083,71.562,74.551,73.612,72.371,73.313,75.321,80.438,90.122,94.205,100,111.275,123.384,128.081,130.794,132.041,132.707,136.446,136.263,136.56,134.689
Mali,The consumer price index rebased to 2010=100 by the EIU,,–,–,–,–,–,–,–,72.87,76.146,76.088,76.549,77.928,73.063,72.87,89.989,100.634,108.754,74.844,77.889,76.982,76.384,80.344,84.386,83.29,80.689,85.845,87.177,88.41,96.538,98.822,100,102.963,108.419,107.784,108.745,110.304,108.328,110.911,113.013,109.597,110.113
Malta,The consumer price index rebased to 2010=100 by the EIU,,46.173,51.487,54.483,54.003,53.764,53.637,54.725,54.961,55.497,55.947,57.616,59.09,60.049,62.536,65.12,67.424,69.397,72.117,74.765,76.48,78.798,80.781,82.903,84.51,86.808,89.004,91.291,91.942,96.243,98.009,100,102.516,105.821,106.871,107.699,108.958,109.935,111.323,113.256,114.975,115.887
Marshall Islands,The consumer price index rebased to 2010=100 by the EIU,,–,–,–,–,–,–,40.522,40.306,41.314,42.215,42.503,44.196,48.734,51.1,54.1,58.5,64.2,67.3,68.7,69.9,71,72.3,73.5,74.8,76.3,78.9,83.1,85.3,97.8,98.3,100,105.4,109.9,112,113.2,110.6,109,109.1,109.9,–,–
Mauritania,The consumer price index rebased to 2010=100 by the EIU,,–,–,–,–,–,21.5,22.4,24.3,24.6,27.8,29.6,31.3,34.4,37.7,39.2,41.8,43.8,45.8,49.5,51.5,53.1,55.6,57.8,60.8,67.097,75.233,79.928,85.726,92.024,94.068,100,105.686,110.868,115.445,119.526,123.396,125.229,128.078,131.983,135.019,138.24
Mauritius,The consumer price index rebased to 2010=100 by the EIU,,13.555,15.515,17.287,18.253,19.602,20.915,21.293,21.384,23.323,26.278,29.823,31.911,33.393,36.912,39.607,41.978,44.757,47.807,51.065,54.564,56.883,59.954,63.819,66.305,69.417,72.843,79.35,86.369,94.725,97.128,100,106.507,110.602,114.518,118.195,119.741,120.89,125.35,129.392,129.977,133.267
Mexico,The consumer price index rebased to 2010=100 by the EIU,,0.078,0.1,0.159,0.32,0.53,0.836,1.558,3.611,7.733,9.281,11.754,14.418,16.654,18.278,19.551,26.394,35.468,42.783,49.598,57.824,63.313,67.344,70.732,73.948,77.415,80.503,83.425,86.734,91.179,96.009,100,103.407,107.659,111.757,116.248,119.411,122.78,130.198,136.577,141.543,146.35
"Micronesia, Federated States of",The consumer price index rebased to 2010=100 by the EIU,,–,–,–,–,–,–,–,–,–,–,–,–,–,–,–,–,–,–,–,71.387,72.667,73.624,73.506,73.327,74.607,77.655,81.069,84.019,89.526,96.431,100,104.059,110.588,112.97,113.737,113.558,112.888,89.189,90.518,–,–
Moldova,The consumer price index rebased to 2010=100 by the EIU,,–,–,–,–,–,–,–,–,–,–,–,–,0.113,1.934,11.34,14.726,18.188,20.329,21.893,30.488,40.03,43.939,46.268,51.703,58.179,65.136,73.459,82.544,93.096,93.037,100,107.687,112.583,117.76,123.752,135.727,144.358,153.843,158.527,166.196,172.455
Mongolia,The consumer price index rebased to 2010=100 by the EIU,,–,–,–,–,–,–,–,–,–,–,–,0.844,2.283,8.404,15.765,15.772,23.167,31.636,34.596,37.213,41.529,44.135,44.54,46.825,50.684,57.127,60.192,65.989,84.437,90.871,100,108.411,123.947,136.95,153.732,162.536,163.742,170.801,182.436,195.763,202.993
Montenegro,The consumer price index rebased to 2010=100 by the EIU,,–,–,–,–,–,–,–,–,–,–,–,–,–,–,–,–,–,–,–,–,–,–,–,–,–,84.318,86.78,90.554,98.483,99.621,100,103.451,107.735,110.113,109.326,111.02,110.733,113.36,116.312,116.738,116.46
Montserrat,The consumer price index rebased to 2010=100 by the EIU,,–,–,–,–,–,–,–,–,–,–,–,–,–,–,–,–,–,–,–,–,–,77.927,81.028,81.963,84.507,86.765,88.444,90.841,95.293,97.948,100,103.666,108.607,109.551,109.133,107.882,107.617,108.898,110.33,109.147,107.083
Morocco,The consumer price index rebased to 2010=100 by the EIU,,–,–,–,–,–,–,–,–,–,–,–,–,65.7,69.1,72.7,77.1,79.4,80.2,82.5,83,84.6,85.1,87.5,88.5,89.8,90.7,93.7,95.6,99.202,99.021,100,100.906,102.221,104.115,104.587,106.227,107.95,108.756,110.497,110.769,111.458
Mozambique,The consumer price index rebased to 2010=100 by the EIU,,–,–,–,–,–,–,–,–,–,–,–,–,–,7.9,11.2,18.7,27.7,29.8,30.2,31.1,35,38.2,44.6,50.6,57,61.1,69.2,74.846,85.702,88.946,100,111.165,114.058,118.918,121.963,126.296,148.292,170.704,177.381,182.314,188.042
Myanmar,The consumer price index rebased to 2010=100 by the EIU,,0.568,0.569,0.599,0.633,0.664,0.709,0.775,0.955,1.12,1.428,1.68,2.222,2.709,3.571,4.432,5.548,6.451,8.367,12.675,15,14.991,18.155,28.516,42.104,40.717,44.531,53.436,72.151,91.488,92.835,100,105.021,106.563,112.576,118.152,129.321,138.281,144.606,154.543,168.181,174.55
Namibia,The consumer price index rebased to 2010=100 by the EIU,,5.913,6.787,7.841,8.781,9.581,10.725,12.16,13.695,15.454,17.792,19.931,22.303,26.258,28.499,31.559,34.724,37.481,40.814,43.347,47.065,51.427,56.193,62.53,67.046,69.831,71.409,74.959,79.868,87.13,95.35,100,105.014,112.075,118.362,124.687,128.925,137.575,146.043,152.301,157.975,161.458
Nauru,The consumer price index rebased to 2010=100 by the EIU,,–,–,–,–,–,–,–,–,–,–,–,–,–,–,–,–,–,45.546,47.347,50.551,51.652,62.763,66.967,63.463,69.57,76.376,87.187,87.888,100.1,103.203,100,100.3,100.2,101.101,110.611,121.421,131.331,137.938,138.639,143.944,–
Nepal,The consumer price index rebased to 2010=100 by the EIU,,9.259,10.291,11.495,12.917,13.285,14.355,17.082,18.918,20.618,22.442,24.291,28.07,32.884,35.352,38.303,41.223,45.024,46.875,52.095,55.977,57.365,58.907,60.691,64.155,65.978,70.53,73.25,74.912,82.334,91.469,100,109.227,119.56,130.368,141.272,152.389,165.784,171.798,178.775,188.73,198.265
Netherlands,The consumer price index rebased to 2010=100 by the EIU,,–,–,–,–,–,–,–,–,–,–,66.039,68.132,70.059,71.206,72.716,73.702,74.779,76.169,77.523,79.099,80.948,85.092,88.375,90.35,91.602,92.969,94.503,96,98.121,99.077,100,102.475,105.37,108.069,108.413,108.643,108.757,110.163,111.927,114.922,116.2
New Caledonia,The consumer price index rebased to 2010=100 by the EIU,,–,–,–,–,–,–,–,–,–,–,–,–,–,75.534,77.718,78.766,79.873,81.464,82.37,82.561,83.83,85.783,87.334,88.311,89.046,90.143,92.801,93.707,96.476,97.372,100,102.427,104.219,105.558,105.739,106.343,106.957,108.437,109.877,110.149,109.575
New Zealand,The consumer price index rebased to 2010=100 by the EIU,,23.482,27.097,31.429,33.775,35.844,41.363,46.827,54.222,57.699,60.982,64.68,66.391,67.053,67.936,69.095,71.689,73.344,74.2,75.138,75.055,77.014,79.056,81.153,82.561,84.465,87.031,89.956,92.108,95.723,97.792,100,104.084,105.16,106.347,107.643,107.975,108.664,110.679,112.445,114.266,116.225
Nicaragua,The consumer price index rebased to 2010=100 by the EIU,,–,–,–,–,–,–,–,–,–,–,–,15.793,19.552,23.54,25.11,27.858,31.097,33.968,38.388,42.697,45.716,48.452,50.269,52.935,57.418,62.93,68.682,76.324,91.456,94.828,100,108.082,115.857,124.124,131.616,136.877,141.699,147.157,154.436,162.74,168.732
Niger,The consumer price index rebased to 2010=100 by the EIU,,61.698,75.836,84.664,82.556,89.462,88.636,85.793,80.034,78.919,76.674,76.08,70.148,67.009,66.194,90.051,99.564,104.83,74.227,77.572,75.991,78.009,81.083,83.118,81.904,82.096,88.524,88.559,88.603,98.62,99.083,100,102.943,103.441,105.79,104.803,105.869,106.061,106.21,109.135,106.376,109.459
Nigeria,The consumer price index rebased to 2010=100 by the EIU,,0.413,0.513,0.551,0.65,0.895,0.949,1.017,1.132,1.492,2.257,2.433,2.731,3.925,6.204,9.724,16.82,21.748,24.07,25.961,27.679,29.6,35.185,39.717,45.292,52.084,61.387,66.436,70.016,78.125,87.919,100,110.825,124.374,134.939,145.799,158.936,183.882,214.227,240.136,267.504,302.94
North Macedonia,The consumer price index rebased to 2010=100 by the EIU,,–,–,–,–,–,–,–,–,–,–,–,–,–,27.932,63.289,73.652,75.469,76.445,76.861,75.878,80.892,85.097,86.007,86.743,86.354,86.806,89.597,91.614,99.247,98.514,100,103.905,107.352,110.342,110.031,109.701,109.438,110.918,112.535,113.398,114.759
Norway,The consumer price index rebased to 2010=100 by the EIU,,31.168,35.42,39.428,42.776,45.436,48.032,51.479,55.958,59.685,62.436,65.014,67.222,68.805,70.37,71.338,73.102,74.016,75.916,77.635,79.472,81.914,84.375,85.434,87.569,87.976,89.333,91.405,92.084,95.54,97.639,100,101.276,101.954,104.117,106.252,108.559,112.422,114.521,117.706,120.257,121.804
Oman,The consumer price index rebased to 2010=100 by the EIU,,–,–,–,–,–,–,–,–,–,–,68.3,71.5,72.2,72,72.3,74,74.7,74.3,73.7,74,73.147,74.152,73.947,74.117,74.581,76.026,78.685,83.262,93.585,96.833,100,104.042,107.102,108.217,109.324,109.395,110.608,112.375,113.365,113.517,112.491
Pakistan,The consumer price index rebased to 2010=100 by the EIU,,9.102,10.161,10.761,11.561,12.388,13.265,13.562,14.154,15.409,16.613,18.122,20.248,22.256,24.473,27.504,30.897,34.101,37.981,40.346,42.016,43.854,45.421,47.095,48.449,52.054,56.771,61.269,65.925,78.954,88.541,100,111.914,122.749,132.192,141.697,145.299,151.003,158.6,167.053,182.738,200.054
Palau,The consumer price index rebased to 2010=100 by the EIU,,–,–,–,–,–,–,–,–,–,–,–,–,–,–,–,–,–,–,–,–,75.4,74.1,73.1,73.9,77.5,80.5,84.1,86.9,97.2,98.6,100,104.7,108.5,112.2,116.9,117.9,–,97.1,98.6,99.3,–
Palestine,The consumer price index rebased to 2010=100 by the EIU,,–,–,–,–,–,–,–,–,–,–,–,–,–,–,–,–,54.025,58.144,61.388,64.792,66.604,67.419,71.264,74.402,76.64,80.699,83.803,85.36,93.803,96.384,100,102.876,105.737,107.559,109.422,110.988,110.744,110.98,110.764,112.488,111.687
Panama,The consumer price index rebased to 2010=100 by the EIU,,–,–,–,–,–,–,–,–,67.597,67.669,68.173,69.027,70.288,70.608,71.481,72.228,73.111,74.032,74.498,75.449,76.564,76.816,77.757,78.873,79.028,81.269,83.267,86.749,94.316,96.586,100,105.83,111.873,116.384,119.459,119.624,120.506,121.564,122.489,122.055,120.162
Papua New Guinea,The consumer price index rebased to 2010=100 by the EIU,,12.128,13.128,13.878,14.979,16.079,16.679,17.579,18.13,19.13,20.005,21.405,22.881,23.881,25.056,25.781,30.208,33.733,35.084,39.835,45.811,52.938,57.839,64.666,74.169,75.769,77.119,78.97,79.695,88.247,94.349,100,104.441,109.18,114.595,120.552,127.809,136.339,143.758,150.014,155.917,163.499
Paraguay,The consumer price index rebased to 2010=100 by the EIU,,–,–,–,–,–,–,–,–,–,–,–,–,–,–,27.353,31.04,34.074,36.432,40.646,43.382,47.275,50.733,56.045,64.026,66.785,71.342,78.166,84.532,93.142,95.569,100,108.244,112.24,115.228,121.021,124.811,129.906,134.6,139.947,143.806,146.348
Peru,The consumer price index rebased to 2010=100 by the EIU,,–,–,–,–,–,–,0,0,0.001,0.041,3.143,16.015,27.791,41.291,51.092,56.779,63.336,68.749,73.737,76.295,79.163,80.726,80.881,82.71,85.739,87.126,88.869,90.45,95.685,98.494,100,103.369,107.148,110.156,113.73,117.767,121.997,125.416,127.069,129.782,132.155
Philippines,The consumer price index rebased to 2010=100 by the EIU,,7.261,8.057,8.883,9.738,14.585,17.867,18.07,18.806,21.41,24.029,26.953,32.143,34.922,37.269,41.131,43.939,47.22,49.854,54.461,57.703,60,64.067,65.992,68.287,72.368,77.934,83.015,85.471,92.452,96.347,100,104.718,108.033,111.215,115.851,117.477,119.601,123.118,129.595,132.81,136.319
Poland,The consumer price index rebased to 2010=100 by the EIU,,–,0.049,0.076,0.095,0.107,0.122,0.143,0.181,0.29,1.02,7.017,12.308,17.85,24.424,32.557,41.704,49.972,57.498,64.212,68.902,75.887,80.014,81.58,82.192,85.079,86.978,87.947,90.119,93.978,97.464,100,104.184,107.999,108.984,108.966,108.001,107.401,109.56,111.387,113.903,117.809
Portugal,The consumer price index rebased to 2010=100 by the EIU,Harmonised and seasonally adjusted,10.223,12.274,15.078,18.846,24.263,29.044,32.466,35.487,38.934,43.844,49.706,55.39,60.313,63.875,67.053,69.708,71.746,73.102,74.728,76.354,78.499,81.957,84.99,87.739,89.945,91.865,94.665,96.959,99.528,98.632,100,103.543,106.41,106.876,106.711,107.257,107.943,109.626,110.914,111.25,111.117
Puerto Rico,The consumer price index rebased to 2010=100 by the EIU,,28.336,30.479,32.86,33.234,33.71,34.153,34.085,34.391,–,–,–,–,–,–,–,–,–,–,–,–,–,–,–,–,–,–,87.552,91.249,95.393,98.042,100,101.822,104.455,105.381,106.376,106.057,105.844,106.452,108.167,108.736,108.8
Qatar,The consumer price index rebased to 2010=100 by the EIU,Non-Seasonally Adjusted,32.743,35.57,37.575,38.603,39.014,39.785,40.402,41.481,43.435,44.823,46.21,48.215,49.706,49.295,49.911,51.402,55.206,56.748,58.239,59.472,60.5,61.323,61.94,63.366,67.647,73.612,82.337,93.541,107.763,102.498,100,101.924,103.82,107.039,110.589,113.885,116.544,116.85,116.982,115.941,112.947
Romania,The consumer price index rebased to 2010=100 by the EIU,,–,–,–,–,–,–,–,–,–,–,0.034,0.077,0.239,0.852,2.02,2.671,3.705,9.444,15.04,21.94,31.97,42.985,52.656,60.75,67.951,74.064,78.945,82.762,89.255,94.239,100,105.795,109.328,113.703,114.926,114.241,112.464,113.976,119.254,123.816,127.092
Russia,The consumer price index rebased to 2010=100 by the EIU,,–,–,–,–,–,–,–,–,–,–,0.002,0.003,0.056,0.541,2.143,6.349,9.348,10.733,13.705,25.481,30.776,37.386,43.285,49.193,54.548,61.461,67.398,73.475,83.843,93.595,100,108.43,113.956,121.664,131.194,151.544,162.199,168.165,173.027,180.762,186.88
Rwanda,The consumer price index rebased to 2010=100 by the EIU,,8.051,8.571,9.648,10.284,10.836,11.027,10.903,11.354,11.692,11.81,12.305,14.721,16.128,18.121,18.713,36.049,38.721,43.373,46.067,44.958,46.711,48.273,49.235,52.903,59.384,64.736,70.487,76.888,88.758,100.247,100,103.08,113.668,120.402,123.236,126.352,135.417,146.629,146.173,151.067,165.947
Samoa,The consumer price index rebased to 2010=100 by the EIU,,13.945,16.805,19.879,23.152,25.897,28.252,29.871,31.236,33.893,36.083,41.582,40.825,44.512,45.276,50.745,49.272,51.92,55.483,56.714,56.864,57.414,59.618,64.417,64.492,75.012,76.405,79.232,83.651,93.326,99.229,100,105.235,107.392,108.047,107.607,108.387,109.801,111.722,116.412,117.556,115.711
Saudi Arabia,The consumer price index rebased to 2010=100 by the EIU,,80.507,82.521,83.127,83.591,82.759,79.805,76.832,74.115,75.775,76.693,75.883,78.827,78.017,78.985,80.062,84.174,84.401,84.193,83.838,82.058,81.208,80.299,80.388,80.773,81.01,81.475,83.026,87.157,92.492,96.434,100,103.744,106.718,110.485,112.955,114.318,116.683,115.705,118.549,116.067,120.066
Senegal,The consumer price index rebased to 2010=100 by the EIU,,41.38,43.827,51.442,57.418,64.185,72.529,77.014,73.825,72.477,72.801,73.038,71.757,71.678,71.258,94.269,101.67,104.483,79.899,80.831,81.475,82.084,84.539,86.506,86.472,86.907,88.387,90.267,95.569,101.071,98.799,100,103.421,104.875,105.615,104.466,104.605,105.484,107.844,108.322,109.437,112.196
Serbia,The consumer price index rebased to 2010=100 by the EIU,,–,–,–,–,–,–,–,–,–,–,–,–,–,–,–,–,–,–,–,11.557,19.795,38.573,46.093,50.648,56.236,65.301,72.957,77.576,87.312,94.428,100,111.638,119.882,129.019,131.792,133.744,135.353,139.63,142.443,145.015,147.266
Seychelles,The consumer price index rebased to 2010=100 by the EIU,,27.942,30.897,30.641,32.503,33.795,36.214,40.596,41.633,42.398,43.05,44.768,40.213,39.676,40.186,40.928,40.811,40.371,40.623,41.677,44.317,47.077,49.888,49.975,51.625,53.617,54.103,53.912,56.78,77.769,102.464,100,102.559,109.852,114.618,116.206,120.903,119.676,123.095,127.653,129.958,131.522
Sierra Leone,The consumer price index rebased to 2010=100 by the EIU,,0.017,0.02,0.026,0.044,0.073,0.128,0.2,0.6,0.9,1.4,2.9,6,9.9,12.1,15,18.9,23.3,26.8,36.3,48.7,48.3,49.3,47.6,51.3,58.5,65.6,71.853,80.224,86.806,93.289,100,106.788,113.824,120.105,125.684,134.097,148.691,175.783,203.966,234.159,265.646
Singapore,The consumer price index rebased to 2010=100 by the EIU,,57.565,62.279,64.72,65.391,67.093,67.423,66.492,66.814,67.831,69.387,71.781,74.25,75.916,77.656,80.059,81.44,82.563,84.234,84.005,84.025,85.158,86.022,85.685,86.102,87.541,87.952,88.799,90.668,96.677,97.254,100,105.248,110.064,112.659,113.814,113.22,112.617,113.266,113.763,114.406,114.198
Sint Maarten,The consumer price index rebased to 2010=100 by the EIU,,–,–,–,–,–,–,–,–,–,–,–,–,–,–,–,–,–,–,–,–,–,–,–,–,–,–,–,91.978,96.189,96.901,100,104.579,108.801,111.544,113.665,114.025,114.152,116.67,119.816,120.328,121.725
Slovakia,The consumer price index rebased to 2010=100 by the EIU,,–,–,–,–,–,–,–,–,–,–,–,–,–,–,–,45.257,47.874,50.762,54.158,59.824,67.1,71.893,74.401,80.663,86.674,89.082,92.882,94.646,98.385,99.307,100,104.073,107.954,109.528,109.424,109.063,108.548,110.06,112.839,115.959,118.288
Slovenia,The consumer price index rebased to 2010=100 by the EIU,,–,–,–,–,–,–,–,–,–,–,–,–,24.6,32.4,39.2,44.5,48.9,53,57.2,60.7,66.2,71.7,77.05,81.423,84.395,86.478,88.685,92.018,97.111,97.952,100,102.082,104.944,106.965,107.361,106.556,106.396,108.054,110.143,112.004,111.698
Solomon Islands,The consumer price index rebased to 2010=100 by the EIU,,5.482,6.379,7.208,7.694,8.548,8.882,10.087,11.196,13.07,15.021,16.334,18.792,20.812,22.721,25.733,28.21,31.532,34.081,38.307,41.379,44.299,47.349,52.159,57.356,61.218,65.609,73.219,78.83,92.487,99.046,100,107.438,113.79,119.925,126.116,125.391,126.034,126.65,131.034,133.176,137.123
South Africa,The consumer price index rebased to 2010=100 by the EIU,Excluding interest rates on mortgage bonds. Metropolitan and other urban areas. Break in series: All items CPI Metropolitan area used prior to 1997.,6.498,7.495,8.59,9.649,10.759,12.516,14.843,17.242,19.445,22.316,25.51,29.421,33.504,36.755,40.047,43.518,46.725,50.739,54.232,57.047,60.095,63.517,69.343,73.276,72.765,74.264,76.676,81.415,89.596,96.067,100,105.015,111.049,117.46,124.655,130.275,138.863,146.053,152.631,158.923,164.049
South Korea,The consumer price index rebased to 2010=100 by the EIU,,24.276,29.452,31.568,32.648,33.394,34.217,35.159,36.233,38.823,41.036,44.554,48.712,51.736,54.221,57.619,60.201,63.164,65.964,70.916,71.491,73.107,76.082,78.187,80.934,83.838,86.146,88.078,90.315,94.537,97.146,100,104.025,106.295,107.678,109.05,109.82,110.886,113.043,114.713,115.154,115.774
Spain,The consumer price index rebased to 2010=100 by the EIU,,21.255,24.348,27.856,31.244,34.764,37.825,41.149,43.307,45.403,48.491,51.754,54.829,58.078,60.898,63.729,66.635,69.01,70.307,71.553,73.15,75.698,77.841,80.635,83.137,85.674,88.572,91.73,94.338,98.234,98.004,100,103.046,105.552,107.176,106.977,106.307,105.95,108.115,109.991,110.846,110.474
Sri Lanka,The consumer price index rebased to 2010=100 by the EIU,,4.545,5.362,5.943,6.773,7.899,8.016,8.656,9.324,10.628,11.858,14.407,16.162,18.002,20.117,21.816,23.491,27.234,29.84,32.636,34.167,36.277,41.414,45.369,48.234,52.566,58.358,64.169,74.352,90.997,94.158,100,106.732,114.804,122.717,126.108,128.929,134.07,142.893,148.995,155.407,162.489
St Kitts & Nevis,The consumer price index rebased to 2010=100 by the EIU,,37.258,41.162,43.601,44.601,45.811,47.011,47.008,47.461,47.571,50.031,52.037,54.287,55.839,56.841,57.661,59.366,60.605,66.002,68.277,70.573,72.089,73.75,75.255,76.937,78.718,81.401,88.309,92.266,97.157,99.156,100,105.835,106.699,107.88,108.147,105.658,104.932,105.661,104.565,104.221,103.004
St Lucia,The consumer price index rebased to 2010=100 by the EIU,,37.927,43.663,45.678,46.351,47.329,47.577,48.619,52.033,52.465,54.759,57.096,60.607,63.721,64.262,66.071,69.791,70.436,70.433,72.688,75.235,78.026,82.167,81.958,82.805,84.014,87.29,89.381,91.904,97.004,96.852,100,102.769,107.063,108.639,112.461,111.354,107.91,108.038,110.132,110.726,107.887
St Vincent & The Grenadines,The consumer price index rebased to 2010=100 by the EIU,,37.759,42.568,45.645,48.137,49.437,50.465,51.047,52.514,52.531,–,–,61.427,63.794,66.532,67.203,68.371,71.385,71.702,73.238,73.98,74.104,74.772,76.159,76.316,78.575,81.509,83.742,89.802,98.842,99.258,100,103.186,105.867,106.72,106.927,105.073,104.916,107.175,109.666,110.667,109.972
Sudan,The consumer price index rebased to 2010=100 by the EIU,,0.007,0.009,0.011,0.015,0.019,0.028,0.035,0.042,0.07,0.114,0.193,0.431,0.938,1.888,4.067,6.847,15.571,22.916,28.558,33.46,35.843,36.537,44.657,47.555,52.147,56.583,60.656,69.606,79.557,88.513,100,118.101,160.109,218.576,299.24,349.846,411.945,545.222,890.294,1339.212,3396.132
Suriname,The consumer price index rebased to 2010=100 by the EIU,,–,–,–,–,–,–,–,–,–,–,–,–,–,–,–,–,–,–,–,–,–,–,–,–,–,–,76.725,81.636,93.64,93.482,100,117.735,123.607,125.983,130.246,139.228,216.477,264.145,282.796,294.88,397.763
Sweden,The consumer price index rebased to 2010=100 by the EIU,Seasonally adjusted,30.773,34.499,37.459,40.795,44.067,47.314,49.317,51.399,54.227,57.672,63.36,69.314,70.73,74.283,76.035,78.049,79.044,80.442,81.182,82.29,83.145,85.188,87.064,89.225,90.208,91.209,92.493,93.868,96.402,98.065,100,101.39,102.358,103.234,103.725,104.615,106.113,108.191,110.472,112.365,112.893
Switzerland,The consumer price index rebased to 2010=100 by the EIU,,54.236,57.754,61.021,62.814,64.656,66.877,67.379,68.349,69.629,71.826,75.707,80.143,83.379,86.124,86.858,88.421,89.139,89.603,89.619,90.341,91.749,92.657,93.252,93.848,94.601,95.71,96.724,97.432,99.796,99.316,100,100.231,99.537,99.321,99.308,98.172,97.745,98.267,99.187,99.547,98.824
Syria,The consumer price index rebased to 2010=100 by the EIU,,4.674,5.533,6.325,6.712,7.332,8.597,11.697,18.655,23.399,34.396,34.116,35.949,39.19,43.994,47.422,56.962,61.661,62.824,62.324,61.099,60.849,61.099,59.361,62.802,65.586,70.334,77.385,80.409,93.069,95.788,100,104.753,143.2,217.305,324.167,448.833,662.947,782.78,790.146,896.2,1892.3
São Tomé and Príncipe,The consumer price index rebased to 2010=100 by the EIU,,–,–,–,–,–,–,–,–,–,–,–,–,–,–,–,–,8.64,11.739,17.67,19.918,22.349,24.41,26.882,29.515,33.437,39.169,48.212,57.152,75.436,88.229,100,114.326,126.485,136.739,146.309,153.991,162.358,171.604,185.088,199.525,219.5
Taiwan,The consumer price index rebased to 2010=100 by the EIU,,52.292,60.826,62.622,63.479,63.459,63.359,63.799,64.127,64.953,67.821,70.619,73.177,76.444,78.695,81.92,84.924,87.536,88.328,89.817,89.974,91.099,91.093,90.913,90.659,92.118,94.244,94.808,96.513,99.917,99.044,100,101.424,103.384,104.204,105.449,105.128,106.592,107.254,108.701,109.31,109.049
Tajikistan,The consumer price index rebased to 2010=100 by the EIU,,–,–,–,–,–,–,–,–,–,–,–,–,–,–,–,1.185,6.144,11.548,16.534,21.073,27.995,38.788,43.53,50.607,54.214,58.058,63.855,72.248,87.066,93.547,100,112.475,119.029,125.024,132.557,139.799,148.225,158.953,165.037,177.873,193.151
Tanzania,The consumer price index rebased to 2010=100 by the EIU,,0.59,0.742,0.956,1.215,1.654,2.205,2.92,3.794,4.978,6.265,7.499,9.171,11.195,14.845,20.325,28.561,34.552,40.112,45.246,48.816,51.708,54.369,57.261,60.297,63.153,66.333,71.142,76.14,83.966,94.162,100,112.326,130.298,140.557,149.175,157.521,165.664,174.476,180.598,186.825,192.969
Thailand,The consumer price index rebased to 2010=100 by the EIU,,32.401,36.474,38.408,39.865,40.184,41.167,41.927,42.953,44.622,47.023,49.744,52.593,54.766,56.573,59.448,62.892,66.558,70.305,75.9,76.08,77.368,78.611,79.127,80.559,82.826,86.529,90.615,92.583,97.653,96.809,100,103.801,106.925,109.263,111.332,110.332,110.54,111.275,112.461,113.255,112.296
Timor-Leste,The consumer price index rebased to 2010=100 by the EIU,,–,–,–,–,–,–,–,–,–,–,–,–,–,–,–,–,–,–,–,–,–,63.905,66.539,71.281,73.589,74.415,77.356,85.315,93.058,93.658,100,113.509,126.911,140.853,142.037,142.979,140.87,141.595,144.837,146.246,146.977
Togo,The consumer price index rebased to 2010=100 by the EIU,,44.156,52.862,58.745,64.241,61.975,60.851,63.361,63.395,63.299,62.768,63.405,63.651,64.538,63.888,88.908,104.736,108.372,72.446,73.16,73.097,74.469,77.404,79.762,79.021,79.319,84.72,86.598,87.411,95.06,98.582,100,103.576,106.295,108.173,108.372,110.313,111.271,111.018,112.065,112.797,114.892
Tonga,The consumer price index rebased to 2010=100 by the EIU,,–,–,–,–,–,–,–,–,–,–,31.968,35.396,38.206,38.573,38.963,39.532,40.716,41.582,42.943,44.86,47.699,51.653,57.004,63.638,70.622,76.742,81.461,86.22,95.227,96.586,100,106.271,107.49,108.324,111.044,109.873,112.706,121.094,129.6,130.2,129.7
Trinidad and Tobago,The consumer price index rebased to 2010=100 by the EIU,,10.525,12.034,13.434,15.472,17.536,18.872,20.324,22.51,24.256,27.029,30.019,31.155,33.161,36.755,39.994,42.067,43.499,45.077,47.607,49.244,51.017,53.874,56.094,58.215,60.391,64.535,69.898,75.393,84.493,90.46,100,105.077,114.815,120.739,127.607,133.553,137.674,140.279,141.708,143.126,143.983
Tunisia,The consumer price index rebased to 2010=100 by the EIU,,20.534,22.481,25.66,28.073,30.506,32.785,34.793,37.693,40.416,43.533,46.35,50.161,53.091,55.183,57.823,61.406,63.747,66.056,68.106,69.939,72.031,73.439,75.448,77.488,80.325,81.93,85.296,88.216,92.555,95.858,100,103.21,107.984,113.721,118.991,124.262,128.746,135.622,145.511,155.297,164.047
Turkey,The consumer price index rebased to 2010=100 by the EIU,,–,–,–,–,–,–,–,0.015,0.027,0.043,0.1,0.1,0.2,0.3,0.7,1.3,2.3,4.2,7.8,12.9,20,30.9,44.7,56,60.8,65.8,72.2,78.5,86.7,92.1,100,106.5,115.9,124.6,135.7,146,157.4,174.9,203.461,234.363,263.159
Turkmenistan,The consumer price index rebased to 2010=100 by the EIU,,–,–,–,–,–,–,–,–,–,–,–,–,–,–,–,1.617,17.659,32.382,37.963,47.122,48.62,49.3,53.6,56.6,60,66.4,71.8,76.3,87.4,90.9,100,112,121.5,132.5,147,170.6,189.3,219.6,258,296.7,340.4
Turks and Caicos Islands,The consumer price index rebased to 2010=100 by the EIU,,–,–,–,–,–,–,–,–,–,–,–,–,–,–,–,–,–,–,–,72.786,75.232,77.373,78.596,80.388,82.528,85.587,86.854,88.82,93.101,96.899,100,105.2,108.472,111.184,113.741,116.243,118.568,121.058,123.6,126.443,129.351
Tuvalu,The consumer price index rebased to 2010=100 by the EIU,,–,–,–,–,–,–,–,–,–,–,–,–,–,–,–,–,–,160.377,161.37,79.929,74.876,75.968,79.841,82.224,84.111,86.792,90.467,92.552,102.185,101.887,100,100.497,101.986,103.972,105.164,108.441,112.314,116.882,119.364,–,–
Uganda,The consumer price index rebased to 2010=100 by the EIU,Non-seasonally adjusted,–,–,–,–,–,–,–,–,–,–,–,–,–,36.088,39.71,42.311,45.353,48.888,49.094,51.922,53.683,54.711,54.546,59.297,61.475,66.761,71.576,75.939,85.085,96.16,100,118.675,135.304,142.702,148.821,154.314,162.292,171.447,175.944,180.067,185.032
Ukraine,The consumer price index rebased to 2010=100 by the EIU,,–,–,–,–,–,–,–,–,–,–,–,–,–,0.203,2.012,9.594,17.291,20.037,22.157,27.183,34.849,39.017,39.312,41.36,45.098,51.195,55.841,63.013,78.893,91.437,100,107.958,108.568,108.285,121.387,180.483,205.593,235.288,261.044,281.629,289.345
United Arab Emirates,The consumer price index rebased to 2010=100 by the EIU,,–,–,–,–,–,–,–,–,–,–,36.7,38.8,41.5,43.4,45.5,47.5,48.8,49.7,50.7,51.8,52.5,53.9,55.5,57.3,61.3,68.951,78.259,86.946,97.605,99.13,100,100.877,101.545,102.664,105.072,109.349,111.117,113.303,116.78,114.524,112.144
United Kingdom,The consumer price index rebased to 2010=100 by the EIU,Seasonally adjusted; Includes owner occupiers housing costs. 1989-2004 data estimated from the Harmonized consumer price index; Data prior to 1988 are derived from Office for National Statistics estimates.,36.9,41.1,44.4,46.6,48.5,50.8,52.2,53.8,55.9,58.8,63,67.7,70.6,72.4,73.8,75.8,77.6,79,80.3,81.3,82,83,84,85.2,86.3,88.1,90.268,92.433,95.672,97.572,100,103.837,106.503,108.95,110.533,110.95,112.046,114.938,117.564,119.614,120.812
United States of America,The consumer price index rebased to 2010=100 by the Economist Intelligence Unit,,37.777,41.698,44.266,45.664,47.659,49.341,50.3,52.1,54.236,56.834,59.914,62.44,64.339,66.25,67.969,69.876,71.928,73.61,74.748,76.388,78.959,81.183,82.479,84.374,86.625,89.541,92.426,95.079,98.706,98.39,100,103.14,105.278,106.821,108.547,108.678,110.056,112.402,115.143,117.228,118.692
Uruguay,The consumer price index rebased to 2010=100 by the EIU,,0.056,0.076,0.09,0.134,0.209,0.359,0.634,1.037,1.681,3.034,6.448,13.023,7.264,11.193,16.201,23.047,29.577,35.441,39.271,41.494,43.47,45.368,51.704,61.724,67.377,70.544,75.057,81.148,87.54,93.722,100,108.093,116.846,126.866,138.128,150.098,164.567,174.8,188.096,202.922,222.72
Uzbekistan,The consumer price index rebased to 2010=100 by the EIU,,–,–,–,–,–,–,–,–,–,–,–,–,–,–,–,4.8,7.3,12.6,16.2,20.9,26.1,33.3,42.4,47.3,50.4,55.4,63.3,71.1,80.1,91.4,100,112.8,126.6,141.749,157.341,173.076,197.133,225.514,265.384,304.039,342.62
Vanuatu,The consumer price index rebased to 2010=100 by the EIU,,25.544,32.342,34.516,35.091,37.041,37.391,39.24,45.489,49.463,53.287,55.861,59.485,61.885,64.084,65.559,67.058,67.608,69.558,71.832,73.282,75.131,77.781,79.33,81.755,82.904,83.904,85.604,88.928,93.277,97.276,100,100.85,102.224,103.699,104.524,107.123,108.023,111.372,113.947,117.071,122.9
Venezuela,The consumer price index rebased to 2010=100 by the EIU,,0.046,0.054,0.059,0.063,0.07,0.078,0.087,0.111,0.144,0.266,0.374,0.501,0.659,0.91,1.464,2.341,4.679,7.021,9.533,11.78,13.689,15.404,18.86,24.723,30.1,34.902,39.668,47.086,61.387,78.011,100,126.09,152.656,214.695,348.168,772.02,2740.3,14745.9,9654733.4,1931528309,47421864030
Vietnam,The consumer price index rebased to 2010=100 by the EIU,,–,–,–,–,–,0.05,0.296,1.189,4.853,8.459,11.539,21.081,29.028,31.467,34.393,40.206,42.487,43.851,47.037,48.974,48.136,48.326,49.745,51.354,55.338,59.922,64.357,69.694,85.806,91.57,100,118.676,129.47,138.008,143.641,144.549,148.403,153.618,159.053,163.498,168.767
Virgin Islands (British),The consumer price index rebased to 2010=100 by the EIU,,–,–,–,–,–,–,–,–,–,–,–,53.722,55.451,56.871,59.279,62.305,65.331,69.159,72.185,73.852,75.89,78.236,78.545,81.385,82.188,83.789,86.097,88.258,94.888,97.688,100,102.53,105.811,107.44,109.482,110.467,111.627,112.955,115.327,117.3,118.9
Yemen,The consumer price index rebased to 2010=100 by the EIU,,–,–,–,–,–,–,–,–,–,–,3.814,5.224,6.826,9.266,13.843,21.468,28.066,28.677,30.391,33.023,34.311,38.329,43.098,47.746,53.732,59.967,66.47,71.725,85.335,89.967,100,119.544,131.363,145.81,157.5,219.7,230.4,300.1,382.5,423,538.8
Zambia,The consumer price index rebased to 2010=100 by the EIU,,–,–,–,–,–,–,–,–,0.092,0.116,0.216,0.439,1.14,3.228,4.985,6.718,9.63,11.98,14.923,18.913,23.836,28.921,35.369,42.927,50.639,59.907,65.33,72.287,81.278,92.163,100,106.436,113.435,121.35,130.825,144.051,169.792,180.96,194.522,212.322,245.727
Zimbabwe,The consumer price index rebased to 2010=100 by the EIU,,0,0,0,0,0,0,0,0,0,0,0,0,0,0,0,0,0,0,0,0,0,0,0,0,0,0,0,0,0,96.393,100,105.445,109.354,111.109,110.942,108.3,106.6,107.6,118.8,395.1,2746.4
