Geography,Definition,Note,1980,1981,1982,1983,1984,1985,1986,1987,1988,1989,1990,1991,1992,1993,1994,1995,1996,1997,1998,1999,2000,2001,2002,2003,2004,2005,2006,2007,2008,2009,2010,2011,2012,2013,2014,2015,2016,2017,2018,2019,2020,2021
Afghanistan,"National currency per US$, period average. ",,34.37,38.5625,39.28,39.28,39.28,39.28,39.28,39.28,39.28,39.28,39.28,39.28,39.28,39.28,38.818333,36.5675,47.5,47.5,47.5,46.621667,47.356667,47.496667,47.26,48.763333,47.845833,49.495,49.926667,49.9625,50.249167,50.325,46.4525,46.7475,50.921667,55.3775,57.2475,61.143333,67.865833,68.025833,72.083333,77.738333,76.815,–
Albania,"National currency per US$, period average. ",,–,–,–,–,–,–,–,–,–,–,–,–,74.333333,102.0625,94.675,92.79,104.5,148.933333,150.635833,137.52,143.708333,143.483333,140.155,121.865,102.776667,99.870833,98.103333,90.4275,83.894167,94.979167,103.936667,100.895833,108.183333,105.669167,105.48,125.961667,124.1425,119.1,107.989167,109.850833,108.65,103.52
Algeria,"National currency per US$, period average.","Break in series: IFS Data to 2007 only. As of May 2019, long term forecast (2026-2050) have been revised to take into account the economic impact of climate change ",3.83745,4.315808,4.592192,4.7888,4.983375,5.0278,4.702317,4.849742,5.914767,7.608558,8.957508,18.472875,21.836075,23.345408,35.0585,47.662733,54.748933,57.70735,58.738958,66.573875,75.259792,77.215025,79.6819,77.394975,72.06065,73.276308,72.646617,69.2924,64.642725,72.496375,73.835092,73.050308,77.607875,79.5894,80.569917,100.373392,109.370125,110.891767,116.605633,119.436508,126.754675,135
Angola,"National currency per US$, period average.  Line rf of IFS.",Exchange rate converted to reflect introduction of new Kwanza in December 1999 at the rate of 1 million readjusted kwanzas to one kwanza.,0,0,0,0,0,0,0,0,0,0,0,0,0,0.000003,0.00005,0.002758,0.128033,0.22905,0.392825,2.7907,10.040542,22.057867,43.530208,74.606308,83.541367,87.15915,80.368083,76.706133,75.033358,79.328167,91.905725,93.93475,95.46795,96.518283,98.302417,120.060692,163.656433,165.915942,252.85575,364.825817,578.258775,631.441967
Anguilla,"National currency per US$, period average. ",,2.7,2.7,2.7,2.7,2.7,2.7,2.7,2.7,2.7,2.7,2.7,2.7,2.7,2.7,2.7,2.7,2.7,2.7,2.7,2.7,2.7,2.7,2.7,2.7,2.7,2.7,2.7,2.7,2.7,2.7,2.7,2.7,2.7,2.7,2.7,2.7,2.7,2.7,2.7,2.7,2.7,2.7
Antigua & Barbuda,"National currency per US$, period average. ",,2.7,2.7,2.7,2.7,2.7,2.7,2.7,2.7,2.7,2.7,2.7,2.7,2.7,2.7,2.7,2.7,2.7,2.7,2.7,2.7,2.7,2.7,2.7,2.7,2.7,2.7,2.7,2.7,2.7,2.7,2.7,2.7,2.7,2.7,2.7,2.7,2.7,2.7,2.7,2.7,2.7,2.7
Argentina,"National currency per US$, period average.",,0,0,0,0.000001,0.000006,0.000059,0.000093,0.000213,0.000874,0.042335,0.48759,0.953555,0.990642,0.998946,0.999008,0.99975,0.999663,0.9995,0.9995,0.9995,0.9995,0.9995,3.063257,2.900629,2.923301,2.903658,3.054313,3.095649,3.144164,3.710108,3.896294,4.110139,4.536934,5.459352,8.075277,9.233185,14.758177,16.562707,28.094992,48.147892,70.539167,94.990742
Armenia,"National currency per US$, period average. ",,–,–,–,–,–,–,–,–,–,–,–,–,1.114444,9.105,288.650833,405.908333,414.040833,490.846667,504.915,535.0625,539.521667,555.076667,573.3525,578.7625,533.451667,457.6875,416.039167,342.078333,305.969167,363.283333,373.660833,372.501667,401.764167,409.625,415.918333,477.918333,480.488333,482.716667,482.9875,480.445,489.009167,503.77
Aruba,"National currency per US$, period average.",,–,–,–,–,–,–,1.79,1.79,1.79,1.79,1.79,1.79,1.79,1.79,1.79,1.79,1.79,1.79,1.79,1.79,1.79,1.79,1.79,1.79,1.79,1.79,1.79,1.79,1.79,1.79,1.79,1.79,1.79,1.79,1.79,1.79,1.79,1.79,1.79,1.79,1.79,1.79
Australia,"National currency per US$, period average.",,0.877501,0.869836,0.983244,1.108197,1.13729,1.427399,1.490331,1.427059,1.275809,1.261445,1.280943,1.284054,1.36076,1.47149,1.366929,1.349512,1.277506,1.344809,1.588268,1.549427,1.719493,1.934485,1.839334,1.533017,1.35719,1.311533,1.326935,1.192333,1.173342,1.262307,1.086514,0.968179,0.965111,1.032596,1.107747,1.329124,1.344176,1.303838,1.337047,1.43797,1.448383,1.330333
Austria,"National currency per US$, period average.","ECU:US$ pre-1999, Euro:US$ post-1999",0.718901,0.894758,1.019146,1.122004,1.267427,1.312016,1.016601,0.866302,0.844685,0.907114,0.785551,0.806121,0.771017,0.852949,0.841416,0.764361,0.787722,0.881605,0.892491,0.937352,1.082227,1.116525,1.058307,0.884269,0.804287,0.803356,0.79639,0.729586,0.679997,0.717737,0.753693,0.71854,0.777846,0.752934,0.752534,0.901205,0.903671,0.885518,0.846389,0.893178,0.876208,0.844932
Azerbaijan,"National currency per US$, period average. ",1990-91 rates from Azerbaijani State Statistical Committee,–,–,–,–,–,–,–,–,–,–,0.00012,0.00076,0.0108,0.02,0.229857,0.882708,0.86025,0.797075,0.773792,0.824033,0.894833,0.931317,0.972158,0.982158,0.982717,0.945417,0.89345,0.858125,0.821625,0.803783,0.80265,0.789692,0.78565,0.784542,0.78435,1.024575,1.595725,1.72115,1.700017,1.7,1.7,1.7
Bahamas,"National currency per US$, period average. ",,1,1,1,1,1,1,1,1,1,1,1,1,1,1,1,1,1,1,1,1,1,1,1,1,1,1,1,1,1,1,1,1,1,1,1,1,1,1,1,1,1,1
Bahrain,"National currency per US$, period average.  Line rf of IFS.",,0.377,0.376,0.376,0.376,0.376,0.376,0.376,0.376,0.376,0.376,0.376,0.376,0.376,0.376,0.376,0.376,0.376,0.376,0.376,0.376,0.376,0.376,0.376,0.376,0.376,0.376,0.376,0.376,0.376,0.376,0.376,0.376,0.376,0.376,0.376,0.376,0.376,0.376,0.376,0.376,0.376,0.376
Bangladesh,"National currency per US$, period average.  Line rf of IFS.",,15.454058,17.986692,22.117883,24.615425,25.353933,27.994592,30.4069,30.949833,31.73325,32.27,34.568808,36.596183,38.950758,39.567258,40.211742,40.278317,41.794167,43.892117,46.905658,49.0854,52.141667,55.806667,57.888,58.150042,59.512658,64.327475,68.933233,68.874875,68.598275,69.039067,69.649292,74.1524,81.862658,78.103233,77.641408,77.946908,78.468092,80.437542,83.4662,84.453525,84.871392,85.083758
Barbados,"National currency per US$, period average. ",,2,2,2,2,2,2,2,2,2,2,2,2,2,2,2,2,2,2,2,2,2,2,2,2,2,2,2,2,2,2,2,2,2,2,2,2,2,2,2,2,2,2
Belarus,"National currency per US$, period average. ","The Belarusian rubel was redenominated on July 1st 2016 at 10,000:1 by the National Bank of the Republic of Belarus",–,–,–,–,–,–,–,–,–,–,–,–,–,–,0.000205,0.000818,0.000955,0.00225,0.003682,0.020456,0.071733,0.138292,0.1784,0.205175,0.216025,0.215392,0.214458,0.2146,0.213642,0.2793,0.297858,0.498975,0.833642,0.887942,1.022583,1.590692,1.988225,1.9322,2.037892,2.091783,2.4396,2.538675
Belgium,"National currency per US$, period average.","ECU:US$ pre-1999, Euro:US$ post-1999",0.718901,0.894758,1.019146,1.122004,1.267427,1.312016,1.016601,0.866302,0.844685,0.907114,0.785551,0.806121,0.771017,0.852949,0.841416,0.764361,0.787722,0.881605,0.892491,0.937352,1.082227,1.116525,1.058307,0.884269,0.804287,0.803356,0.79639,0.729586,0.679997,0.717737,0.753693,0.71854,0.777846,0.752934,0.752534,0.901205,0.903671,0.885518,0.846389,0.893178,0.876208,0.844932
Belize,"National currency per US$, period average. ",,2,2,2,2,2,2,2,2,2,2,2,2,2,2,2,2,2,2,2,2,2,2,2,2,2,2,2,2,2,2,2,2,2,2,2,2,2,2,2,2,2,2
Benin,"National currency per US$, period average. ",,211.279167,271.7325,328.608333,381.065833,436.9575,449.264167,346.306667,300.5375,297.85,319.009167,272.265833,282.108333,264.694167,283.1625,555.205833,499.15,511.551667,583.670833,589.9525,615.673333,711.831667,732.899167,696.381667,581.059167,528.123333,527.79,522.86,479.264167,448.215833,472.024167,495.310833,471.765833,510.514167,494.045833,494.414167,591.45,593.014167,582.03,555.7,585.959167,575.5875,554.7
Bermuda,"National currency per US$, period average. ",,–,–,–,–,–,–,–,–,–,–,–,–,–,–,–,1,1,1,1,1,1,1,1,1,1,1,1,1,1,1,1,1,1,1,1,1,1,1,1,1,1,1
Bhutan,,,7.86295,8.658525,9.455125,10.098892,11.362583,12.36875,12.610833,12.9615,13.917083,16.2255,17.5035,22.742433,25.918083,30.493292,31.373758,32.427083,35.433175,36.313292,41.259358,43.055442,44.941617,47.186425,48.610308,46.583292,45.316467,44.099975,45.307008,41.348533,43.505183,48.405267,45.725808,46.670467,53.437233,58.597842,61.029517,64.151933,67.195308,65.121575,68.389467,70.420342,74.099558,73.918017
Bolivia,"National currency per US$, period average. ",Break in series: 1984; 1985.,0,0,0.0001,0.0002,0.0031,0.44,1.922,2.0549,2.3502,2.6917,3.1727,3.5806,3.9005,4.2651,4.6205,4.8003,5.0746,5.2543,5.5101,5.8124,6.1835,6.6069,7.17,7.659167,7.936267,8.066067,8.011617,7.851242,7.238317,7.02,7.016667,6.936967,6.91,6.91,6.91,6.91,6.91,6.91,6.91,6.91,6.91,6.91
Bosnia and Hercegovina,"National currency per US$, period average.",,–,–,–,–,–,–,–,–,–,–,–,–,–,–,1.622775,1.433125,1.5048,1.734075,1.759675,1.835783,2.122867,2.185658,2.078167,1.732933,1.575167,1.5727,1.559058,1.429008,1.335175,1.407883,1.47675,1.406933,1.522217,1.473067,1.474175,1.763483,1.768125,1.735367,1.656992,1.747092,1.716967,1.647
Botswana,"National currency per US$, period average.  Line rf of IFS.",,0.777225,0.836742,1.029658,1.096925,1.298358,1.902575,1.879158,1.678967,1.828583,2.014892,1.860467,2.021558,2.109733,2.423083,2.68465,2.7722,3.324192,3.650767,4.225883,4.6244,5.102242,5.841417,6.327792,4.949667,4.693833,5.11675,5.8303,6.139408,6.826858,7.155142,6.793625,6.838233,7.640525,8.398908,8.976083,10.128992,10.901158,10.347417,10.199975,10.755867,11.456242,11.087258
Brazil,"National currency per US$, period average.",,0,0,0,0,0,0,0,0,0,0.000001,0.000025,0.000148,0.001642,0.032158,0.639308,0.9176,1.005083,1.077992,1.160517,1.814733,1.830208,2.350442,2.92115,3.078283,2.925917,2.435192,2.176125,1.947858,1.834567,1.997583,1.760133,1.674967,1.954583,2.157633,2.353567,3.331533,3.490117,3.192008,3.65445,3.945083,5.155842,5.395025
Brunei,"National currency per US$, period average. ",,2.141208,2.112692,2.140025,2.11305,2.133083,2.20015,2.177417,2.105983,2.012425,1.950258,1.812533,1.72755,1.628967,1.615791,1.527444,1.417375,1.410041,1.484806,1.673602,1.694957,1.723963,1.791723,1.790588,1.742183,1.690228,1.664398,1.588933,1.507102,1.417167,1.45457,1.36351,1.257913,1.249568,1.251166,1.267043,1.374911,1.381349,1.380892,1.348918,1.364219,1.379705,1.342
Bulgaria,"National currency per US$, period average.",,–,–,–,–,–,0,0,0,0,0,0.002625,0.017791,0.02334,0.027594,0.054158,0.067171,0.177885,1.68187,1.76036,1.837673,2.123343,2.184715,2.07697,1.732621,1.575112,1.574148,1.559273,1.429038,1.337227,1.406696,1.477376,1.406452,1.52205,1.473554,1.47419,1.764408,1.76816,1.735464,1.65704,1.747034,1.716323,1.653772
Burkina Faso,"National currency per US$, period average. ",,211.279167,271.7325,328.608333,381.065833,436.9575,449.264167,346.306667,300.5375,297.85,319.009167,272.265833,282.108333,264.694167,283.1625,555.205833,499.15,511.551667,583.670833,589.9525,615.673333,711.831667,732.899167,696.381667,581.059167,528.123333,527.79,522.86,479.264167,448.215833,472.024167,495.310833,471.765833,510.514167,494.045833,494.414167,591.45,593.014167,582.03,555.7,585.959167,575.5875,554.530833
Burundi,"National currency per US$, period average. ",,90,90,90,92.948333,119.709167,120.69075,114.171083,123.563833,140.395,158.666667,171.255417,181.512583,208.302667,242.78,252.6625,249.7575,302.746667,352.350833,447.765833,563.5625,720.673333,830.353333,930.749167,1082.62,1100.9,1081.577167,1028.683583,1081.869667,1185.690833,1230.179167,1230.748333,1261.073333,1442.505667,1555.090833,1546.686667,1571.898333,1654.626667,1729.055,1782.876917,1845.623,1915.04625,1975.9
Cabo Verde,"National currency per US$, period average. ",,40.174917,48.694667,58.293333,71.685833,84.877917,91.631667,80.144917,72.465833,72.0675,77.978083,70.031333,71.408333,68.017583,80.4266,81.890833,76.853333,82.591467,93.176667,98.1575,102.7,115.87655,123.213333,117.255833,97.7875,88.747917,88.646167,87.926058,80.615017,75.336008,80.035425,83.278675,79.276892,86.31895,83.0725,83.0345,99.385692,99.688117,97.806942,93.413575,98.495183,96.795733,93.26
Cambodia,"National currency per US$, period average. ",,–,–,–,–,–,–,–,–,–,–,426.25,718.333333,1266.583333,2689,2545.25,2450.833333,2624.083333,2946.25,3744.416667,3807.833333,3840.75,3916.333333,3912.083333,3973.333333,4016.25,4092.5,4103.25,4056.166667,4054.166667,4139.333333,4184.916667,4058.5,4033,4027.25,4037.5,4067.75,4058.7,4050.6,4051.183333,4061.158333,4092.791667,4098.708333
Cameroon,"National currency per US$, period average.  Line rf of IFS.",Break in series: 1994.,211.279167,271.7325,328.608333,381.065833,436.9575,449.264167,346.306667,300.5375,297.85,319.009167,272.265833,282.108333,264.694167,283.1625,555.205833,499.15,511.551667,583.670833,589.9525,615.673333,711.831667,732.899167,696.381667,581.059167,528.123333,527.79,522.86,479.264167,448.215833,472.024167,495.310833,471.765833,510.514167,494.045833,494.414167,591.45,593.014167,582.03,555.7,585.959167,575.5875,554.5
Canada,"National currency per US$, period average.",,1.169408,1.198892,1.233858,1.232583,1.29515,1.3659,1.389767,1.326175,1.230942,1.184108,1.167017,1.145975,1.208808,1.290167,1.365892,1.37265,1.3637,1.384867,1.483633,1.485825,1.485517,1.549017,1.570592,1.401167,1.301575,1.211483,1.134375,1.074183,1.066767,1.141442,1.030125,0.989025,0.999408,1.029992,1.104683,1.278808,1.325583,1.297858,1.296058,1.326842,1.341358,1.253583
Cayman Islands,"National currency per US$, period average. ",,0.83333,0.83333,0.83333,0.83333,0.83333,0.83333,0.83333,0.83333,0.83333,0.83333,0.83333,0.83333,0.83333,0.83333,0.83333,0.83333,0.83333,0.83333,0.83333,0.83333,0.83333,0.83333,0.83333,0.83333,0.83333,0.83333,0.83333,0.83333,0.83333,0.83333,0.83333,0.83333,0.83333,0.83333,0.83333,0.83333,0.83333,0.83333,0.83333,0.83333,0.8333,0.82
Central African Republic,"National currency per US$, period average. ",,211.279167,271.7325,328.608333,381.065833,436.9575,449.264167,346.306667,300.5375,297.85,319.009167,272.265833,282.108333,264.694167,283.1625,555.205833,499.15,511.551667,583.670833,589.9525,615.673333,711.831667,732.899167,696.381667,581.059167,528.123333,527.79,522.86,479.264167,448.215833,472.024167,495.310833,471.765833,510.514167,494.045833,494.414167,591.45,593.014167,582.03,555.7,585.959167,575.5875,554.530833
Chad,"National currency per US$, period average. ",,211.279167,271.7325,328.608333,381.065833,436.9575,449.264167,346.306667,300.5375,297.85,319.009167,272.265833,282.108333,264.694167,283.1625,555.205833,499.15,511.551667,583.670833,589.9525,615.673333,711.831667,732.899167,696.381667,581.059167,528.123333,527.79,522.86,479.264167,448.215833,472.024167,495.310833,471.765833,510.514167,494.045833,494.414167,591.45,593.014167,582.03,555.7,585.959167,575.5875,552.4
Chile,"National currency per US$, period average.",,39,39,50.909167,78.788333,98.4775,160.86,192.93,219.406667,245.011667,266.954167,304.903333,349.215833,362.575833,404.165833,420.176667,396.773333,412.266667,419.305,460.2875,508.780833,539.490833,634.938333,688.936667,691.3975,609.529167,559.7675,530.275,522.4675,522.460833,559.614167,510.249167,483.6675,486.491667,495.310833,570.3725,654.074167,676.939167,648.851667,641.220833,703.25,792.165833,759.066667
China,"Market or Par  (National currency per US$, period average, (Average, Yuan/US$) ",,1.4985,1.70475,1.892583,1.975667,2.32,2.936833,3.452833,3.722,3.722,3.765,4.783083,5.3235,5.514667,5.761917,8.61875,8.351667,8.31425,8.289833,8.279,8.278167,8.278417,8.277167,8.277,8.277,8.277,8.194583,7.973333,7.607583,6.948833,6.831417,6.77025,6.4615,6.31225,6.195833,6.143417,6.2275,6.644583,6.75875,6.616,6.908417,6.90075,6.449
Colombia,"National currency per US$, period average.  Line rf of IFS.",,47.278333,54.489167,64.085833,78.8575,100.8175,142.311667,194.260833,242.606667,299.173333,382.566667,502.26,627.1525,680.385833,786.346667,826.54,912.895,1036.6225,1141.116667,1426.424167,1756.685833,2087.918333,2299.893333,2504.680833,2877.543333,2628.368333,2321.131667,2358.595,2077.810833,1965.1375,2157.598333,1898.9975,1848.016667,1798.011667,1868.895,2001.105,2741.781667,3055.255,2951.270833,2956.356667,3281.388333,3693.275833,3744.244167
Comoros,"National currency per US$, period average. ",,211.27775,271.729417,328.603417,381.062583,436.953,449.25925,346.302583,300.534417,297.846083,319.00575,272.26275,282.104833,264.68975,283.160417,416.398917,374.357,383.660083,437.747167,442.458833,461.792917,533.87375,549.67475,522.286083,435.79575,396.091917,395.84225,392.145667,359.446917,336.161417,354.01825,371.48225,353.823333,382.885833,370.535,370.810333,443.587083,444.760583,436.522083,416.7755,439.468833,431.689583,414.3
Congo (Brazzaville),"National currency per US$, period average. ",,211.279167,271.7325,328.608333,381.065833,436.9575,449.264167,346.306667,300.5375,297.85,319.009167,272.265833,282.108333,264.694167,283.1625,555.205833,499.15,511.551667,583.670833,589.9525,615.699167,711.976667,733.04,696.988333,581.200833,528.284167,527.468333,522.891667,479.266667,447.806667,472.185,495.276667,471.866667,510.5275,494.04,494.414167,591.66,593.0775,580.864398,555.197212,585.88882,574.757243,554.241842
Congo (Democratic Republic),"National currency per US$, period average. ",,–,–,–,–,–,–,–,–,–,–,–,–,–,–,–,–,0.501667,1.314167,1.6075,4.018333,21.818333,206.6175,346.485,405.179167,399.476667,473.909167,468.278333,516.749167,559.2925,809.785833,905.9125,919.491667,919.754167,919.568333,925.225833,925.985833,1010.303333,1464.419167,1622.525,1647.76,1851.1225,1989.5
Cook Islands,"National currency per US$, period average. ",,1.02668,1.152795,1.332608,1.496773,1.763993,2.023373,1.913161,1.694561,1.526401,1.672148,1.676203,1.733514,1.861792,1.850513,1.686522,1.523877,1.454848,1.512421,1.868249,1.889614,2.201149,2.378751,2.162191,1.722098,1.508681,1.420274,1.542055,1.360676,1.422727,1.600878,1.387834,1.265811,1.234283,1.219408,1.205433,1.433975,1.436525,1.407408,1.445258,1.517875,–,–
Costa Rica,"National currency per US$, period average. ",,8.57,21.763333,37.406667,41.094167,44.532667,50.453417,55.985917,62.776333,75.804833,81.50425,91.579333,122.432417,134.506333,142.171667,157.066667,179.729167,207.689167,232.5975,257.229167,285.684667,308.186667,328.870833,359.8175,398.662333,437.935,477.78675,511.301833,516.6175,526.2355,573.287917,525.829333,505.664333,502.9015,499.766833,538.317333,534.56575,544.739417,567.513167,576.972583,587.294667,584.901,620.849167
Croatia,"National currency per US$, period average.",,–,–,–,–,–,–,–,–,–,–,0.011682,0.022916,0.263298,3.579149,5.998011,5.230756,5.434161,6.160583,6.363286,7.111743,8.277666,8.341541,7.871683,6.704969,6.034341,5.949237,5.837793,5.364536,4.93504,5.283943,5.498011,5.343864,5.850292,5.70488,5.748165,6.858304,6.80599,6.623831,6.279025,6.622545,6.614056,6.36
Cuba," Official rate. Cuban peso (CUP) per US$, period average. Forecasts derived within our long-term framework kick in in 2022. For Cuba, we do not expect the official exchange rate peg to be maintained in the long-term, this gives us a break in the data seri",Official rate. ,1,1,1,1,1,1,1,1,1,1,1,1,1,1,1,1,1,1,1,1,1,1,1,1,1,0.946296,0.925926,0.925926,0.925926,0.925926,0.925926,0.984738,1,1,1,1,1,1,1,1,1,24
Curaçao,"National currency per US$, period average. ",,–,–,–,–,–,–,–,–,1.79,1.79,1.79,1.79,1.79,1.79,1.79,1.79,1.79,1.79,1.79,1.79,1.79,1.79,1.79,1.79,1.79,1.79,1.79,1.79,1.79,1.79,1.79,1.79,1.79,1.79,1.79,1.79,1.79,1.79,1.79,1.79,1.79,1.79
Cyprus,"National currency per US$, period average.","ECU:US$ pre-1999, Euro:US$ post-1999",0.718907,0.894775,1.020408,1.123596,1.265823,1.315789,1.020408,0.869565,0.847458,0.909091,0.787402,0.806121,0.771017,0.852949,0.841416,0.764361,0.787722,0.881605,0.892491,0.937352,1.082227,1.116525,1.058307,0.884269,0.804287,0.803356,0.79639,0.729586,0.679997,0.717737,0.753693,0.71854,0.777846,0.752934,0.752534,0.901205,0.903671,0.885518,0.846389,0.893178,0.876208,0.8449
Czech Republic,"National currency per US$, period average.  Line rf of IFS.",,–,–,–,–,–,–,–,–,–,–,–,29.477583,28.26475,29.151583,28.78525,26.54,27.145167,31.698583,32.281167,34.56925,38.5955,38.035667,32.738583,28.209,25.69975,23.957417,22.595583,20.293667,17.071667,19.063,19.09825,17.695917,19.5775,19.570583,20.7575,24.598833,24.439917,23.376333,21.729917,22.93225,23.21025,21.678167
Côte d'Ivoire,"National currency per US$, period average.  Line rf of IFS.",Break in series: 1994.,211.279167,271.7325,328.608333,381.065833,436.9575,449.264167,346.306667,300.5375,297.85,319.009167,272.265833,282.108333,264.694167,283.1625,555.205833,499.15,511.551667,583.670833,589.9525,615.673333,711.831667,732.899167,696.381667,581.059167,528.123333,527.79,522.86,479.264167,448.215833,472.024167,495.310833,471.765833,510.514167,494.045833,494.414167,591.45,593.014167,582.03,555.7,585.959167,575.5875,554.530833
Denmark,"National currency per US$, period average. ",,5.636658,7.126692,8.340192,9.150225,10.362092,10.60535,8.097483,6.846342,6.738192,7.314383,6.188025,6.394675,6.0396,6.483175,6.356425,5.603575,5.799842,6.605733,6.70115,6.981108,8.093775,8.329525,7.887083,6.579325,5.988558,5.996475,5.943767,5.442183,5.096308,5.35885,5.620317,5.35775,5.790125,5.615525,5.618258,6.723642,6.7309,6.597883,6.314675,6.669267,6.5414,6.288083
Djibouti,"National currency per US$, period average. ",,177.721,177.721,177.721,177.721,177.721,177.721,177.721,177.721,177.721,177.721,177.721,177.721,177.721,177.721,177.721,177.721,177.721,177.721,177.721,177.721,177.721,177.721,177.721,177.721,177.721,177.721,177.721,177.721,177.721,177.721,177.721,177.721,177.721,177.721,177.721,177.721,177.721,177.721,177.721,177.721,177.721,177.721
Dominica,"National currency per US$, period average.",,2.7,2.7,2.7,2.7,2.7,2.7,2.7,2.7,2.7,2.7,2.7,2.7,2.7,2.7,2.7,2.7,2.7,2.7,2.7,2.7,2.7,2.7,2.7,2.7,2.7,2.7,2.7,2.7,2.7,2.7,2.7,2.7,2.7,2.7,2.7,2.7,2.7,2.7,2.7,2.7,2.7,2.7
Dominican Republic,"National currency per US$, period average.  Line rf of IFS.",,1,1,1,1,1,3.112608,2.904333,3.844758,6.112517,6.34,8.5253,12.575917,12.5,12.5,12.616783,12.87,12.89635,14.005925,14.703108,15.834425,16.18145,16.690958,17.593042,29.37,41.9303,30.2828,33.300042,33.171858,34.52935,35.97185,36.821292,38.087583,39.320317,41.794508,43.549675,45.0455,46.064442,47.534358,49.509992,51.294858,56.524533,57.19
Ecuador,"National currency per US$, period average.","Ecuador adopted the US dollar as its national currency in March 2000 and the dollarisation process was largely complete by September 2000, exchange rate fixed at 25000 Sucres:1 US$.",1,1,1,1,1,1,1,1,1,1,1,1,1,1,1,1,1,1,1,1,1,1,1,1,1,1,1,1,1,1,1,1,1,1,1,1,1,1,1,1,1,1
Egypt,"Break in series: post 1987 National currency per US$, period average.  (Line rh of IFS); All earlier data estimated black market rate.",,0.7,0.77,0.9,1.15,1.25,1.53,1.88,2.14,2.291316,2.520337,2.699996,3.216464,3.324662,3.355562,3.43409,3.404985,3.401964,3.396629,3.39,3.4,3.473333,3.9675,4.5,5.835833,6.196667,5.778333,5.725833,5.634167,5.433333,5.545,5.626667,5.935833,6.060833,6.869167,7.08,7.713333,10.07,17.841667,17.815,16.819167,15.815,15.696667
El Salvador,"National currency per US$, period average.  Line rf of IFS.",In January 2001 the US dollar became legal tender. The USD is now the local currency unit.,1,1,1,1,1,1,1,1,1,1,1,1,1,1,1,1,1,1,1,1,1,1,1,1,1,1,1,1,1,1,1,1,1,1,1,1,1,1,1,1,1,1
Equatorial Guinea,"National currency per US$, period average. ",,211.279167,271.7325,328.608333,381.065833,436.9575,449.264167,346.306667,300.5375,297.85,319.009167,272.265833,282.108333,264.694167,283.1625,555.205833,499.15,511.551667,583.670833,589.9525,615.673333,711.831667,732.899167,696.381667,581.059167,528.123333,527.79,522.86,479.264167,448.215833,472.024167,495.310833,471.765833,510.514167,494.045833,494.414167,591.45,593.014167,582.03,555.7,585.959167,575.5875,554.7
Eritrea,"National currency per US$, period average. ",,2.07183,2.07183,2.07183,2.07183,2.07183,2.07183,2.07183,2.07183,2.07183,2.07183,2.07183,2.07183,2.80497,5.00441,5.46982,6.16376,6.35728,6.75882,7.36193,8.15263,9.625,11.30945,13.95819,13.87789,13.7875,15.36792,15.375,15.375,15.375,15.375,15.375,15.375,15.375,15.375,15.375,15.375,15.35,15.075,15.075,15.075,15.075,15.075
Estonia,"National currency per US$, period average.  ","ECU:US$ pre-1999, Euro:US$ post-1999.",0.718907,0.894775,1.020408,1.123596,1.265823,1.315789,1.020408,0.869565,0.847458,0.909091,0.787402,0.806121,0.771017,0.852949,0.841416,0.764361,0.787722,0.881605,0.892491,0.937352,1.082227,1.116525,1.058307,0.884269,0.804287,0.803356,0.79639,0.729586,0.679997,0.717737,0.753693,0.71854,0.777846,0.752934,0.752534,0.901205,0.903671,0.885518,0.846389,0.893178,0.876208,0.8456
Eswatini,"National currency per US$, period average. ",,0.779267,0.878108,1.086642,1.115025,1.478808,2.2345,2.288225,2.038525,2.283867,2.621533,2.587808,2.76125,2.853542,3.270283,3.551658,3.627617,4.300367,4.608083,5.531475,6.117425,6.94695,8.625542,10.518792,7.556875,6.448,6.359883,6.76485,7.046992,8.258767,8.423375,7.3153,7.259667,8.203133,9.644175,10.846933,12.758125,14.692383,13.302483,13.238517,14.440567,16.464533,14.78
Ethiopia,"National currency per US$, period average. ",,2.07,2.07,2.07,2.07,2.07,2.07,2.07,2.07,2.07,2.07,2.07,2.07,2.8025,5,5.465,6.158333,6.351675,6.709342,7.115908,7.94225,8.217258,8.457492,8.56775,8.599683,8.635583,8.666442,8.698616,8.96595,9.599742,11.7776,14.409591,16.899226,17.704763,18.626629,19.58579,20.576849,21.731548,23.866105,27.429387,29.06975,34.927166,43.82
Fiji,"National currency per US$, period average.",,0.817963,0.854627,0.93245,1.01702,1.082597,1.153554,1.132866,1.243858,1.430258,1.483333,1.480908,1.475558,1.502991,1.541775,1.464125,1.406333,1.4033,1.443675,1.986817,1.969625,2.128625,2.276603,2.186785,1.89577,1.733102,1.691046,1.731266,1.610413,1.594035,1.958095,1.918509,1.790883,1.789893,1.841478,1.887346,2.097631,2.094696,2.066875,2.087379,2.160394,2.168805,2.07
Finland,"National currency per US$, period average.","ECU:US$ pre-1999, Euro:US$ post-1999",0.718901,0.894758,1.019146,1.122004,1.267427,1.312016,1.016601,0.866302,0.844685,0.907114,0.785551,0.806121,0.771017,0.852949,0.841416,0.764361,0.787722,0.881605,0.892491,0.937352,1.082227,1.116525,1.058307,0.884269,0.804287,0.803356,0.79639,0.729586,0.679997,0.717737,0.753693,0.71854,0.777846,0.752934,0.752534,0.901205,0.903671,0.885518,0.846389,0.893178,0.876208,0.844932
France,"National currency per US$, period average.",,0.718907,0.894775,1.020408,1.123596,1.265823,1.315789,1.020408,0.869565,0.847458,0.909091,0.787402,0.806121,0.771017,0.852949,0.841416,0.764361,0.787722,0.881605,0.892491,0.937352,1.082227,1.116525,1.058307,0.884269,0.804287,0.803356,0.79639,0.729586,0.679997,0.717737,0.753693,0.71854,0.777846,0.752934,0.752534,0.901205,0.903671,0.885518,0.846389,0.893178,0.876208,0.844932
Gabon,"National currency per US$, period average.  Line rf of IFS.",Break in series: 1994,211.279167,271.7325,328.608333,381.065833,436.9575,449.264167,346.306667,300.5375,297.85,319.009167,272.265833,282.108333,264.694167,283.1625,555.205833,499.15,511.551667,583.670833,589.9525,615.673333,711.831667,732.899167,696.381667,581.059167,528.123333,527.79,522.86,479.264167,448.215833,472.024167,495.310833,471.765833,510.514167,494.045833,494.414167,591.45,593.014167,582.03,555.7,585.959167,575.5875,554.5
Gambia,"National currency per US$, period average. ",,1.720983,1.990169,2.289511,2.638576,3.584059,3.893873,6.924972,7.0744,6.708424,7.583583,7.878992,8.733142,8.895717,9.114418,9.581771,9.544265,9.797174,10.200167,10.6431,11.395092,12.787625,15.687158,19.917825,28.530508,30.030083,28.575433,28.065725,24.873433,22.19235,26.644361,28.011953,29.46152,32.077134,35.957588,41.732963,42.506208,43.372528,46.608908,48.151782,50.062462,51.501661,51.54
Georgia,"National currency per US$, period average. ",,–,–,–,–,–,–,–,–,–,–,–,–,–,–,–,–,1.263333,1.297917,1.38425,2.011,1.976,2.072417,2.194417,2.146,1.916917,1.812833,1.77675,1.670583,1.490333,1.670583,1.782583,1.6865,1.65125,1.6635,1.765667,2.269417,2.36675,2.509667,2.534167,2.818167,3.109167,3.225
Germany,"National currency per US$, period average.","ECU:US$ pre-1999, Euro:US$ post-1999",0.718907,0.894775,1.020408,1.123596,1.265823,1.315789,1.020408,0.869565,0.847458,0.909091,0.787402,0.806121,0.771017,0.852949,0.841416,0.764361,0.787722,0.881605,0.892491,0.937352,1.082227,1.116525,1.058307,0.884269,0.804287,0.803356,0.79639,0.729586,0.679997,0.717737,0.753693,0.71854,0.777846,0.752934,0.752534,0.901205,0.903671,0.885518,0.846389,0.893178,0.876208,0.844932
Ghana,"National currency per US$, period average.  Line rf of IFS.","In July 2007 the Ghanaian cedi was re-denominated, with 10,000 old cedi becoming one new cedi. All local currency data are for new cedi.",0.000964,0.00172,0.002142,0.004536,0.0035,0.005417,0.008917,0.015333,0.020333,0.026917,0.0325,0.036833,0.043667,0.064917,0.0955,0.119833,0.163667,0.204833,0.231083,0.266583,0.544833,0.71625,0.792333,0.86675,0.8995,0.90625,0.916583,0.92735,1.037108,1.387567,1.4202,1.504117,1.81045,1.979583,2.894633,3.711533,3.909367,4.3482,4.584967,5.214758,5.594283,5.802775
Greece,"National currency per US$, period average.","ECU:US$ pre-1999, Euro:US$ post-1999",0.718907,0.894775,1.020408,1.123596,1.265823,1.315789,1.020408,0.869565,0.847458,0.909091,0.787402,0.806121,0.771017,0.852949,0.841416,0.764361,0.787722,0.881605,0.892491,0.937352,1.082227,1.116525,1.058307,0.884269,0.804287,0.803356,0.79639,0.729586,0.679997,0.717737,0.753693,0.71854,0.777846,0.752934,0.752534,0.901205,0.903671,0.885518,0.846389,0.893178,0.876208,0.844932
Grenada,"National currency per US$, period average. ",,2.7,2.7,2.7,2.7,2.7,2.7,2.7,2.7,2.7,2.7,2.7,2.7,2.7,2.7,2.7,2.7,2.7,2.7,2.7,2.7,2.7,2.7,2.7,2.7,2.7,2.7,2.7,2.7,2.7,2.7,2.7,2.7,2.7,2.7,2.7,2.7,2.7,2.7,2.7,2.7,2.7,2.7
Guatemala,"National currency per US$, period average.  Line rf of IFS.",,1,1,1,1,1,1,1.875,2.5,2.619583,2.816117,4.485758,5.02888,5.17063,5.635363,5.751201,5.810343,6.049513,6.065269,6.394653,7.38561,7.763159,7.858593,7.821645,7.940847,7.946496,7.633944,7.602631,7.673304,7.560028,8.161556,8.057772,7.785418,7.833607,7.856814,7.732234,7.654816,7.599939,7.347941,7.519168,7.696701,7.721653,7.734
Guinea,"National currency per US$, period average. ",,18.968917,20.948,22.366083,23.095,24.09,24.333083,333.4525,428.4025,474.395833,591.645833,660.166667,753.858083,902.001333,955.490333,976.636417,991.4115,1004.016583,1095.3255,1236.83175,1387.401333,1746.869917,1950.558333,1975.84375,1984.93125,2243.93125,3644.333333,5148.75,4197.751917,4601.691,4801.08325,5726.071083,6658.031333,6985.829167,6907.878167,7014.11875,7485.516917,8967.927167,9088.3195,9011.13425,9183.87575,9565.082083,9814
Guinea-Bissau,"National currency per US$, period average. ",,211.27975,271.731417,328.606,381.066,436.957,449.263167,346.305583,300.536417,297.848083,319.008083,272.26475,282.106833,264.691833,283.162583,555.2045,499.14825,511.55225,583.669167,589.951583,615.673667,711.83175,732.89975,696.381333,581.061167,528.122583,527.789833,522.86075,479.262583,448.215,472.024417,495.309667,471.7645,510.51425,494.04675,494.414083,591.4495,593.014083,582.02925,555.700667,585.958583,575.585917,554.1
Guyana,"National currency per US$, period average. ",,2.55,2.8125,3,3,3.831583,4.251833,4.272417,9.755833,10,27.15875,39.533333,111.810667,125.0025,126.730417,138.29025,141.989167,140.375,142.400833,150.519167,177.995,182.43,187.320833,190.665,193.878333,198.3075,199.875,200.188333,202.346667,203.633333,203.95,203.635833,204.0175,204.358333,205.394167,206.449167,206.5,206.5,206.5,207.716667,208.5,208.5,208.5
Haiti,"National currency per US$, period average. ",,5,5,5,5,5,5,5,5,5,5,5,6.034167,9.801667,12.8225,15.04,15.109733,15.70115,16.6545,16.765667,16.937892,21.170667,24.429083,29.250483,42.366758,38.352033,40.44855,40.408517,36.861417,39.107592,41.197608,39.7974,40.522825,41.949725,43.462783,45.215983,50.706425,63.335817,64.769683,68.031758,88.81,93.51,89.21
Honduras,"National currency per US$, period average. ",,2,2,2,2,2,2,2,2,2,2,4.1,5.3,5.5,6.5,8.4,9.5,11.835833,13.153333,13.540833,14.345,15.013625,15.65135,16.612525,17.544575,18.41135,18.997817,19.027233,19.027108,19.030275,19.027283,19.026867,19.048558,19.637925,20.4951,21.134758,22.0988,22.994875,23.6515,24.070058,24.6801,24.75395,24.184775
Hong Kong,"National currency per US$, period average.  Line rf of IFS.",,4.976083,5.589333,6.069917,7.265167,7.818,7.79075,7.803333,7.79825,7.806,7.799917,7.78975,7.771167,7.740583,7.735583,7.728417,7.735833,7.73425,7.74225,7.746583,7.759083,7.792333,7.799833,7.7995,7.7875,7.788667,7.777917,7.768667,7.801917,7.786833,7.75175,7.769167,7.784,7.756417,7.756,7.754083,7.75175,7.76225,7.79325,7.8385,7.835917,7.75725,7.773
Hungary,"National currency per US$, period average. ",,32.5325,34.315,36.631667,42.670833,48.0425,50.120833,45.8325,46.971667,50.414167,59.066667,63.205,74.735,78.988333,91.934167,105.121667,125.716667,152.646667,186.789167,214.401667,237.145833,282.179167,286.4875,257.863333,224.306667,202.745833,199.5825,210.39,183.625833,172.113333,202.341667,207.944167,201.055,225.104167,223.695,232.601667,279.3325,281.523333,274.433333,270.211667,290.6775,307.996667,303.140833
Iceland,National currency per US$ (period average).  Line rf of IFS.,,4.797642,7.233492,12.369133,24.873758,31.736717,41.532525,41.10415,38.677183,43.0352,57.11725,58.363742,59.077617,57.61925,67.6408,70.000842,64.770275,66.690608,70.971483,71.159758,72.405167,78.802008,97.710058,91.587708,76.712317,70.1947,62.851408,69.850708,64.060733,87.953258,123.640133,122.241808,116.037842,125.107333,122.200492,116.685,131.906667,120.828333,106.8225,108.300833,122.605,135.4225,126
India,"National currency per US$, period average.",,7.86295,8.658525,9.455125,10.098892,11.362583,12.36875,12.610833,12.9615,13.917083,16.2255,17.5035,22.742433,25.918083,30.493292,31.373758,32.427083,35.433175,36.313292,41.259358,43.055442,44.941617,47.186425,48.610308,46.583292,45.316467,44.099975,45.307008,41.348533,43.505183,48.405267,45.725808,46.670467,53.437233,58.597842,61.029517,64.151933,67.195308,65.121575,68.389467,70.420342,74.099558,73.918017
Indonesia,"National currency per US$, period average.",,626.995,631.756667,661.421667,909.265833,1025.945,1110.58,1282.56,1643.848333,1685.704167,1770.059167,1842.813333,1950.3175,2029.920833,2087.103333,2160.753333,2248.608333,2342.295833,2909.38,10013.6225,7855.15,8421.775,10260.85,9311.191667,8577.133333,8938.85,9704.741667,9159.316667,9141,9698.9625,10389.9375,9090.433333,8770.433333,9386.629167,10461.24,11865.21167,13389.41333,13308.32667,13380.83333,14236.93917,14147.6725,14582.20333,14308.1425
Iran,"Conversion rate. National currency per US$, period average.","1980-2017: Official exchange rate; 2018: EIU estimate, 2018-2020: Parallel Market Selling Rate, LCU:US$ period average.",70.630833,78.3475,83.6225,86.379167,90.051667,87.01,76.04,69.67,69.58,72.03,66.69,182.1,1469.9,1268.0775,1749.173333,1748.350833,1751.185833,1753.345833,1752.285833,1753.354167,1764.856667,1753.986667,6907.035833,8193.889167,8613.9875,8963.958333,9170.943333,9281.150833,9428.529167,9864.3025,10254.17583,10616.30667,12175.5475,18414.44833,25941.665,29011.49167,30914.85333,33226.29917,71387.3025,124436.1667,201039.5,257330.6
Iraq,"Conversion rate. National currency per US$, period average.",EIU estimates from 1980-2001,0.295,0.295,0.311,0.33,0.35,0.4,0.45,0.5,0.53,0.56,0.75,10,21,74,458,1674,1170,1471,1620,1972,1930,1928.75,2214,1896,1453.25,1468.666667,1467.416667,1254.666667,1193.083333,1170,1170,1170,1166.166667,1166,1166,1167.333333,1182,1184,1182.75,1182,1192.166667,1450
Ireland,"National currency per US$, period average.","ECU:US$ pre-1999, Euro:US$ post-1999",0.718901,0.894758,1.019146,1.122004,1.267427,1.312016,1.016601,0.866302,0.844685,0.907114,0.785551,0.806121,0.771017,0.852949,0.841416,0.764361,0.787722,0.881605,0.892491,0.937352,1.082227,1.116525,1.058307,0.884269,0.804287,0.803356,0.79639,0.729586,0.679997,0.717737,0.753693,0.71854,0.777846,0.752934,0.752534,0.901205,0.903671,0.885518,0.846389,0.893178,0.876208,0.8449
Israel,"National currency per US$, period average.  Line rf of IFS.",Break in series: 1981,0.005117,0.011425,0.024267,0.056225,0.293225,1.178867,1.487833,1.594642,1.598942,1.916417,2.016183,2.279117,2.45905,2.830042,3.011183,3.011267,3.1878,3.449383,3.80015,4.139592,4.0773,4.205625,4.737833,4.548342,4.482017,4.487775,4.45645,4.108058,3.587842,3.932633,3.732975,3.578133,3.855925,3.610758,3.577925,3.8869,3.840567,3.599842,3.594925,3.564517,3.442408,3.230192
Italy,"National currency per US$, period average.","ECU:US$ pre-1999, Euro:US$ post-1999",0.718907,0.894775,1.020408,1.123596,1.265823,1.315789,1.020408,0.869565,0.847458,0.909091,0.787402,0.806121,0.771017,0.852949,0.841416,0.764361,0.787722,0.881605,0.892491,0.937352,1.082227,1.116525,1.058307,0.884269,0.804287,0.803356,0.79639,0.729586,0.679997,0.717737,0.753693,0.71854,0.777846,0.752934,0.752534,0.901205,0.903671,0.885518,0.846389,0.893178,0.876208,0.844932
Jamaica,"National currency per US$, period average.  Line rf of IFS.",,1.7814,1.7814,1.7814,1.9322,3.942808,5.558558,5.477833,5.486667,5.488558,5.744642,7.184025,12.115875,22.96035,24.94855,33.085933,35.142117,37.119558,35.404467,36.55,39.043517,42.9857,45.99625,48.415942,57.740875,61.1972,62.280717,65.743858,69.192158,72.7562,87.894125,87.196142,85.893458,88.749808,100.397883,110.934517,116.969792,125.095042,127.964542,128.871508,133.312117,142.402833,150.3
Japan,"National currency per US$, period average.",,226.578333,220.450833,249.053333,237.445833,237.5875,238.4725,168.498333,144.6225,128.144167,137.995,144.818333,134.508333,126.7475,111.230833,102.194167,94.1075,108.805,121.094167,130.818333,113.713333,107.8225,121.519167,125.266667,115.918333,108.1575,110.1375,116.35,117.764167,103.380833,93.6,87.750833,79.714167,79.810833,97.561667,105.856667,121.018333,108.7575,112.136667,110.431667,109.028333,106.765833,109.7725
Jordan,"National currency per US$, period average.  Line rf of IFS.",,0.297925,0.330433,0.352492,0.363079,0.384465,0.394625,0.349966,0.338459,0.374293,0.574576,0.663712,0.680866,0.679818,0.692851,0.698764,0.700378,0.709,0.709,0.709,0.709,0.709,0.708983,0.709,0.709,0.709,0.709,0.709,0.709,0.709667,0.71,0.71,0.71,0.71,0.71,0.71,0.71,0.71,0.71,0.71,0.71,0.71,0.71
Kazakhstan,"National currency per US$, period average.  Line rf of IFS.",,–,–,–,–,–,–,–,–,–,–,–,–,–,5.255,35.641667,60.950833,67.304167,75.4375,78.303333,119.525833,142.133333,146.735833,153.279167,149.575833,136.035,132.8775,126.09,122.554167,120.299167,147.496667,147.355,146.620833,149.1125,152.129167,179.191667,221.728333,342.1325,326.000833,344.705833,382.7475,412.953333,425.9075
Kenya,"National currency per US$, period average.",,7.420417,9.047583,10.9225,13.3115,14.413917,16.432333,16.225833,16.454583,17.747167,20.5725,22.914833,27.507833,32.216917,58.001667,56.0505,51.429833,57.115,58.731833,60.381333,70.323333,76.175583,78.563167,78.72975,75.938333,79.174,75.549583,72.100667,67.31775,69.186,77.352,79.233,88.810833,84.528333,86.122833,87.9225,98.179167,101.50425,103.411,101.301667,101.991333,106.453667,109.635917
Kiribati,"National currency per US$, period average. ",,0.878244,0.870215,0.985864,1.110015,1.139519,1.431895,1.495974,1.42818,1.279908,1.264597,1.281057,1.283756,1.361648,1.47056,1.367751,1.349033,1.277863,1.34738,1.591828,1.54995,1.724827,1.933443,1.840563,1.541914,1.359753,1.309473,1.327973,1.195073,1.192178,1.282189,1.090159,0.969463,0.9658,1.035843,1.109363,1.33109,1.345215,1.304758,1.338411,1.438506,–,–
Kuwait,"National currency per US$, period average.  Line rh of IFS.",,0.270297,0.278785,0.287911,0.291477,0.296062,0.300753,0.290595,0.278663,0.279029,0.293779,0.291934,0.289525,0.293223,0.301839,0.29687,0.298448,0.299409,0.303349,0.304756,0.304415,0.306752,0.306682,0.303914,0.298012,0.2947,0.292,0.290176,0.284214,0.268828,0.287786,0.286607,0.275979,0.279936,0.28359,0.284567,0.300852,0.302137,0.30335,0.301957,0.303611,0.306233,0.3016
Kyrgyz Republic,"National currency per US$, period average. ",,–,–,–,–,–,–,–,–,–,–,–,–,–,6.000525,10.841683,10.821883,12.809558,17.362492,20.837567,39.007733,47.703833,48.377958,46.937067,43.648375,42.649942,41.011825,40.152908,37.316258,36.574592,42.904108,45.964267,46.143892,47.004475,48.438042,53.654058,64.462117,69.914075,68.866675,68.840317,69.78935,77.3461,84.640825
Laos,"National currency per US$, period average. ",,10,21.666667,35,35,35,55,95,187.5,400.375,591.5,707.75,702.083333,716.083333,716.25,717.666667,804.690833,921.021667,1259.979167,3298.333333,7102.025,7887.643333,8954.583333,10056.33333,10569.0375,10585.375,10655.16667,10153.62417,9602.728333,8740.180833,8511.351667,8254.163333,8029.2625,8006.581667,7833.229167,8042.4225,8127.610833,8124.365833,8244.843333,8401.335,8679.409167,9045.788333,9590.7
Latvia,"National currency per US$, period average.","ECU:US$ pre-1999, Euro:US$ post-1999",0.718901,0.894758,1.019146,1.122004,1.267427,1.312016,1.016601,0.866302,0.844685,0.907114,0.785551,0.806121,0.771017,0.852949,0.841416,0.764361,0.787722,0.881605,0.892491,0.937352,1.082227,1.116525,1.058307,0.884269,0.804287,0.803356,0.79639,0.729586,0.679997,0.717737,0.753693,0.71854,0.777846,0.752934,0.752534,0.901205,0.903671,0.885518,0.846389,0.893178,0.876208,0.844932
Lebanon,"National currency per US$, period average.  Line rf of IFS.",Switch to parallel rate for 2019-22,3.435833,4.314167,4.744167,4.528333,6.511667,16.4175,38.370833,224.596667,409.23,496.689167,695.089167,928.2275,1712.790833,1741.363333,1680.073333,1621.413333,1571.444167,1539.45,1516.131667,1507.5,1507.5,1507.5,1507.5,1507.5,1507.5,1507.5,1507.5,1507.5,1507.5,1507.5,1507.5,1507.5,1507.5,1507.5,1507.5,1507.5,1507.5,1507.5,1507.5,1629.074258,5601.4144,16163.65103
Lesotho,"National currency per US$, period average. ",,0.778833,0.877579,1.085816,1.1141,1.475278,2.228675,2.285032,2.036033,2.273468,2.622678,2.587321,2.761315,2.852014,3.267743,3.550798,3.627085,4.299349,4.607962,5.528284,6.109484,6.939828,8.609181,10.540747,7.564749,6.459693,6.359328,6.771549,7.045365,8.261223,8.473674,7.321223,7.261133,8.209969,9.655054,10.852657,12.75893,14.709611,13.323803,13.233927,14.448427,16.459106,14.77
Liberia,"National currency per US$, period average. ",,46.4387,46.4387,46.4387,46.4387,46.4387,46.4387,46.4387,46.4387,46.4387,46.4387,46.4387,46.4387,46.4387,46.4387,46.4387,49.838333,46.8375,50.57,41.5075,41.9025,40.9025,48.591908,61.754167,59.378833,54.905833,57.095833,58.013333,61.272225,63.2075,68.286667,71.403333,72.226667,73.514775,77.52,83.8925,86.188367,94.427242,112.706667,144.055575,186.429742,191.517967,166.3
Libya,"National currency per US$, period average. ",,0.296051,0.296052,0.296053,0.296053,0.296053,0.296053,0.315396,0.297029,0.285766,0.299602,0.283177,0.280728,0.281553,0.30437,0.348368,0.418145,0.4368,0.460866,0.467574,0.463811,0.51219,0.605064,1.270679,1.292944,1.304966,1.308385,1.313572,1.262645,1.223562,1.253535,1.266789,1.224152,1.26166,1.271692,1.272402,1.38121,1.390369,1.39382,1.364967,1.398263,1.398,4.56
Lithuania,"National currency per US$, period average. ",,0.718907,0.894775,1.020408,1.123596,1.265823,1.315789,1.020408,0.869565,0.847458,0.909091,0.787402,0.806121,0.771017,0.852949,0.841416,0.764361,0.787722,0.881605,0.892491,0.937352,1.082227,1.116525,1.058307,0.884269,0.804287,0.803356,0.79639,0.729586,0.679997,0.717737,0.753693,0.71854,0.777846,0.752934,0.752534,0.901205,0.903671,0.885518,0.846389,0.893178,0.876208,0.8421
Luxembourg,"National currency per US$, period average.","ECU:US$ pre-1999, Euro:US$ post-1999",0.718907,0.894775,1.020408,1.123596,1.265823,1.315789,1.020408,0.869565,0.847458,0.909091,0.787402,0.806121,0.771017,0.852949,0.841416,0.764361,0.787722,0.881605,0.892491,0.937352,1.082227,1.116525,1.058307,0.884269,0.804287,0.803356,0.79639,0.729586,0.679997,0.717737,0.753693,0.71854,0.777846,0.752934,0.752534,0.901205,0.903671,0.885518,0.846389,0.893178,0.876208,0.844932
Macau,,,–,–,–,–,8.034886,7.998842,8.013158,8.0095,8.040592,8.033883,8.023492,8.00425,7.972342,7.96755,7.960283,7.967758,7.9664,7.975033,7.978767,7.99185,8.0259,8.0335,8.033433,8.021242,8.022175,8.011058,8.001408,8.035858,8.020108,7.984283,8.002217,8.018208,7.989867,7.98925,7.987133,7.984958,7.995067,8.026017,8.072508,8.070475,7.989042,8
Madagascar,"National currency per US$, period average. ",,42.255833,54.345833,69.945833,86.09,115.328333,132.495833,135.269167,213.841667,281.421667,320.688333,298.829167,367.071667,372.793333,382.755833,613.466667,853.126667,812.250833,1018.1775,1088.280833,1256.756667,1353.4975,1317.6975,1366.39,1238.3275,1868.858333,2003.025833,2142.301667,1873.876667,1708.370833,1956.205833,2089.95,2025.1175,2194.966667,2206.914167,2414.811667,2933.508333,3176.539167,3116.11,3334.7525,3618.320833,3787.756667,3841
Malawi,"National currency per US$, period average.  Line rf of IFS.",,0.8121,0.895292,1.055517,1.174783,1.413375,1.719092,1.861075,2.208742,2.561308,2.759533,2.728875,2.803317,3.603283,4.402792,8.736417,15.283742,15.308467,16.444175,31.072683,44.088142,59.543808,72.197333,76.686608,97.432475,108.897508,118.42,136.0125,139.9575,140.521667,141.168333,150.485833,156.515833,249.106667,364.405833,424.896667,499.605833,718.005,730.2725,732.333333,745.540675,749.527483,804.1
Malaysia,"National currency per US$, period average.  Line rf of IFS.",,2.176883,2.304125,2.335392,2.32125,2.343642,2.483042,2.581442,2.519638,2.618783,2.708842,2.704875,2.750067,2.547383,2.574095,2.624257,2.504404,2.515943,2.81315,3.922875,3.8,3.8,3.8,3.8,3.8,3.8,3.787126,3.668173,3.437511,3.333288,3.524609,3.221088,3.060003,3.088801,3.150909,3.272864,3.9055,4.148308,4.300442,4.035192,4.142475,4.203492,4.143292
Maldives,"National currency per US$, period average. ",,7.55,7.55,7.173667,7.05,7.05,7.098083,7.150733,9.223,8.784583,9.040833,9.551742,10.252667,10.569167,10.956992,11.58575,11.77,11.77,11.77,11.77,11.77,11.77,12.242083,12.8,12.8,12.8,12.8,12.8,12.8,12.8,12.8,12.8,14.602,15.364825,15.3667,15.380383,15.366333,15.368392,15.386958,15.390825,15.382042,15.381283,15.372683
Mali,"National currency per US$, period average. ",,211.279167,271.7325,328.608333,381.065833,436.9575,449.264167,346.306667,300.5375,297.85,319.009167,272.265833,282.108333,264.694167,283.1625,555.205833,499.15,511.551667,583.670833,589.9525,615.673333,711.831667,732.899167,696.381667,581.059167,528.123333,527.79,522.86,479.264167,448.215833,472.024167,495.310833,471.765833,510.514167,494.045833,494.414167,591.45,593.014167,582.03,555.7,585.959167,575.5875,554.5
Malta,"National currency per US$, period average.","ECU:US$ pre-1999, Euro:US$ post-1999",0.718907,0.894775,1.020408,1.123596,1.265823,1.315789,1.020408,0.869565,0.847458,0.909091,0.787402,0.806121,0.771017,0.852949,0.841416,0.764361,0.787722,0.881605,0.892491,0.937352,1.082227,1.116525,1.058307,0.884269,0.804287,0.803356,0.79639,0.729586,0.679997,0.717737,0.753693,0.71854,0.777846,0.752934,0.752534,0.901205,0.903671,0.885518,0.846389,0.893178,0.876208,0.844932
Marshall Islands,"National currency per US$, period average. ",,1,1,1,1,1,1,1,1,1,1,1,1,1,1,1,1,1,1,1,1,1,1,1,1,1,1,1,1,1,1,1,1,1,1,1,1,1,1,1,1,–,–
Mauritania,"National currency per US$, period average. ",Re-denominated currency.,4.591417,4.829583,5.176917,5.481167,6.380333,7.7085,7.4375,7.387833,7.526083,8.305083,8.060917,8.194583,8.702667,12.080583,12.3575,12.976833,13.722167,15.185333,18.847583,20.951417,23.892333,25.562917,27.173917,26.303,26.4108,26.552833,26.86,25.858667,23.820333,26.236583,27.589417,28.111833,29.662,30.068167,30.2725,32.467167,35.237083,35.7945,35.6775,36.690833,37.189167,36.2
Mauritius,"National currency per US$, period average.  Line rf of IFS.",,7.684292,8.936542,10.87255,11.7062,13.800333,15.442483,13.466358,12.878217,13.437725,15.249767,14.863467,15.652308,15.563208,17.648025,17.960367,17.386317,17.948067,21.057258,23.99265,25.185808,26.249558,29.129258,29.962,27.901475,27.498517,29.496233,31.708067,31.313658,28.452842,31.9598,30.7844,28.70595,30.049975,30.701358,30.621617,35.0567,35.541883,34.481408,33.93445,35.473517,39.346933,41.692133
Mexico,"National currency per US$, period average.",,0.022942,0.024483,0.054317,0.120008,0.167767,0.256442,0.607933,1.369383,2.272517,2.461733,2.8126,3.017892,3.094458,3.115233,3.375117,6.419008,7.599442,7.918458,9.135658,9.560533,9.455567,9.342458,9.655958,10.789017,11.285967,10.897892,10.899242,10.928192,11.129717,13.513475,12.636008,12.423325,13.169458,12.771992,13.29245,15.848267,18.664058,18.926517,19.244342,19.263633,21.485608,20.27
"Micronesia, Federated States of","National currency per US$, period average. ",,1,1,1,1,1,1,1,1,1,1,1,1,1,1,1,1,1,1,1,1,1,1,1,1,1,1,1,1,1,1,1,1,1,1,1,1,1,1,1,1,–,–
Moldova,"National currency per US$, period average.  Line rf of IFS.",Annual series shows last quarter average exchange rate.,–,–,–,–,–,–,–,–,–,–,–,0.0017,0.4144,3.6,4.160975,4.4958,4.604483,4.623583,5.3707,10.515808,12.434217,12.865142,13.5705,13.944883,12.329717,12.599625,13.131058,12.139942,10.39205,11.109583,12.369275,11.738617,12.111425,12.58675,14.035625,18.818475,19.923833,18.499042,16.802058,17.57345,17.321842,17.66
Mongolia,"National currency per US$, period average. ",,–,–,–,–,–,–,–,–,–,–,5.595,8.011667,35.833333,295.01,412.7225,448.6125,548.403333,789.9925,840.828333,1021.8675,1076.666667,1097.6975,1110.31,1146.5425,1185.2975,1205.246667,1179.699167,1170.400833,1165.804167,1437.795,1357.064167,1265.515833,1357.58,1523.9275,1817.939167,1970.309167,2140.291667,2439.7775,2472.484167,2663.541667,2813.29,2849.3
Montenegro,"National currency per US$, period average.  Line rf of IFS.",,–,–,–,–,–,–,–,–,–,–,–,–,–,–,–,–,–,–,–,0.938583,1.085175,1.1173,1.061625,0.885842,0.805108,0.8046,0.797083,0.730633,0.683292,0.719592,0.755092,0.7192,0.778283,0.753167,0.753725,0.901658,0.904042,0.887292,0.847167,0.8933,0.877458,0.84
Montserrat,"National currency per US$, period average. ",,2.7,2.7,2.7,2.7,2.7,2.7,2.7,2.7,2.7,2.7,2.7,2.7,2.7,2.7,2.7,2.7,2.7,2.7,2.7,2.7,2.7,2.7,2.7,2.7,2.7,2.7,2.7,2.7,2.7,2.7,2.7,2.7,2.7,2.7,2.7,2.7,2.7,2.7,2.7,2.7,2.7,2.7
Morocco,"National currency per US$, period average.  Line rf of IFS.",Break in series: from 1999 onwards Bank Al-Maghrib.,3.9366,5.1723,6.023,7.1113,8.8105,10.0625,9.1044,8.3592,8.2092,8.4882,8.2423,8.7066,8.5379,9.2987,9.2027,8.5402,8.7159,9.5271,9.6044,9.803845,10.625407,11.302523,11.020195,9.574342,8.869299,8.865007,8.795579,8.19232,7.750543,8.088548,8.420918,8.089838,8.628416,8.405478,8.404944,9.76433,9.808044,9.69136,9.386114,9.616823,9.496845,8.988593
Mozambique,"National currency per US$, period average. ",World Bank data prior to 1986,0.0324,0.0353,0.0378,0.0402,0.0424,0.0432,0.0404,0.3,0.5,0.7,0.9,1.4,2.5,3.9,6,9,11.3,11.5,11.9,12.8,15.2,20.7,23.7,23.8,22.6,23.1,25.4,25.8,24.3,27.5,34,29.1,28.4,30.1,31.4,40,63.1,63.6,60.3,62.5,69.5,65.458333
Myanmar,"National currency per US$, period average. ",Fixed exchange rate until March 31st 2012.,6.538142,7.220336,7.709065,7.960396,8.303268,8.47485,7.330375,6.65345,6.394542,6.7049,6.338558,6.2837,6.104533,6.156967,5.974913,5.667042,5.917567,6.241833,6.343158,6.285792,6.516725,6.748908,6.642083,6.138925,5.805833,5.818167,5.842942,5.616883,5.44145,5.576367,5.634883,5.444108,640.653417,933.570458,984.345748,1162.615328,1234.869517,1360.358708,1429.807975,1518.255117,1381.619167,1615.2
Namibia,"National currency per US$, period average.  Line rf of IFS.",,0.778833,0.877579,1.085816,1.1141,1.475278,2.228675,2.285032,2.036033,2.273468,2.622678,2.587321,2.761315,2.852014,3.267743,3.550798,3.627085,4.299349,4.607962,5.528284,6.109484,6.939828,8.609181,10.540747,7.564749,6.459693,6.377117,6.76715,7.054392,8.251742,8.52282,7.33025,7.300025,8.193771,9.750075,10.842888,12.881921,14.708767,13.3129,13.233942,14.448691,16.463267,14.78
Nauru,"National currency per US$, period average. ",,0.878244,0.870215,0.985864,1.110015,1.139519,1.431895,1.495974,1.42818,1.279908,1.264597,1.281057,1.283756,1.361648,1.47056,1.367751,1.349033,1.277863,1.34738,1.591828,1.54995,1.724827,1.933443,1.840563,1.541914,1.359753,1.309473,1.327973,1.195073,1.192178,1.282189,1.090159,0.969463,0.9658,1.035843,1.109363,1.33109,1.345215,1.304758,1.338411,1.438506,–,–
Nepal,"National currency per US$, period average. ",,12,12.336333,13.243833,14.54525,16.459417,18.246417,21.229833,21.819167,23.28925,27.188833,29.369167,37.255,42.7175,48.607167,49.397517,51.890342,56.691942,58.009542,65.975792,68.239367,71.093808,74.94925,77.876625,76.14145,73.673592,71.3675,72.755608,66.415033,69.7617,77.573433,73.262367,74.02,85.225758,93.084392,97.554858,102.405158,107.383817,104.511875,108.930133,112.609483,118.345192,118.134083
Netherlands,"National currency per US$, period average.","ECU:US$ pre-1999, Euro:US$ post-1999",0.718907,0.894775,1.020408,1.123596,1.265823,1.315789,1.020408,0.869565,0.847458,0.909091,0.787402,0.806121,0.771017,0.852949,0.841416,0.764361,0.787722,0.881605,0.892491,0.937352,1.082227,1.116525,1.058307,0.884269,0.804287,0.803356,0.79639,0.729586,0.679997,0.717737,0.753693,0.71854,0.777846,0.752934,0.752534,0.901205,0.903671,0.885518,0.846389,0.893178,0.876208,0.844932
New Caledonia,"National currency per US$, period average. ",,76.82856,98.810962,119.492608,138.568801,158.892568,163.367564,125.928813,109.285497,108.307922,116.00246,99.004901,102.583837,96.251101,102.967715,100.946172,90.754137,93.009407,106.121561,107.263814,112.007988,129.522727,133.354368,126.796097,105.731963,96.105575,95.957007,95.124171,87.449738,81.496239,82.7,90.81,92.36,92.8,89.9,89.94,107.6,107.88,105.88,101.09,106.6,104.71,100.881
New Zealand,"National currency per US$, period average.  Line rf of IFS.",,1.027309,1.150792,1.330834,1.496222,1.731752,2.007763,1.906699,1.686957,1.525941,1.672008,1.676891,1.728758,1.8596,1.848885,1.684518,1.524158,1.45407,1.509396,1.863094,1.888901,2.189262,2.380055,2.153084,1.717352,1.504948,1.419077,1.53858,1.358111,1.399956,1.573832,1.385026,1.262998,1.2334,1.218732,1.203889,1.427908,1.434103,1.406338,1.443106,1.516741,1.537634,1.413078
Nicaragua,"National currency per US$, period average. ",,–,–,–,–,–,–,–,–,0.0002,0.003133,0.140925,4.270825,5,5.620408,6.722875,7.545592,8.4355,9.448083,10.581917,11.80925,12.684392,13.371942,14.251325,15.10465,15.93725,16.733333,17.570008,18.448517,19.3719,20.339475,21.35645,22.424258,23.546658,24.722767,25.9589,27.256842,28.620958,30.050942,31.553208,33.121742,34.342117,35.199153
Niger,"National currency per US$, period average. ",,211.279167,271.7325,328.608333,381.065833,436.9575,449.264167,346.306667,300.5375,297.85,319.009167,272.265833,282.108333,264.694167,283.1625,555.205833,499.15,511.551667,583.670833,589.9525,615.673333,711.831667,732.899167,696.381667,581.059167,528.123333,527.79,522.86,479.264167,448.215833,472.024167,495.310833,471.765833,510.514167,494.045833,494.414167,591.45,593.014167,582.03,555.7,585.959167,575.5875,554.530833
Nigeria,"National currency per US$, period average.","The government adopted a dual exchange rate regime in 1995, in which certain official transactions were calculated at N22:$1, less than a quarter of the market rate. The system was abolished in January 1999, in favour of a single, market-based rate.",0.545,0.610025,0.672867,0.724142,0.764942,0.89375,2.020575,4.017942,4.536733,7.391558,8.037808,9.909492,17.298425,22.051058,21.8861,21.8861,21.8861,21.8861,21.8861,92.69335,102.105208,111.943325,120.970167,129.356533,133.5004,132.146967,128.6515,125.833108,118.566917,148.880183,150.298025,153.861608,157.499425,157.311225,158.552642,193.279167,253.49225,305.790108,306.0837,306.420392,356.3229,398.872017
North Korea,"National currency per US$, period average. ","Official rate; variable black-market rates of up to Won10,000:US$1 also exist. The currency was redenominated in November 2009 at the rate of 100 old won to 1 new won",–,–,–,–,–,–,–,–,–,–,–,2.15,2.1,2.11,2.12,2.13,2.15,2.15,2.15,2.15,2.15,2.15,150,150,150,138.245833,141.320833,139.075,139,139,100.797634,96.451111,100.263833,98.919167,98.744167,107.55667,107.75417,107.74,104.92,107.5,140,155
North Macedonia,"National currency per US$, period average. Line rf of IFS.",,–,–,–,–,–,–,–,–,–,–,0.1132,0.197,5.09,23.57,43.263183,37.881758,39.981075,50.00355,54.461733,56.901825,65.903867,68.037133,64.349792,54.322258,49.409933,49.283683,48.801767,44.729817,41.867683,44.100575,46.485392,44.230825,47.89025,46.395342,46.437133,55.537075,55.731725,54.665458,52.107108,54.9472,54.144325,52.12
Norway,"National currency per US$, period average.  Line rf of IFS.",,4.938383,5.738475,6.456333,7.3011,8.167408,8.5995,7.399458,6.742342,6.523433,6.908592,6.259675,6.4821,6.216758,7.097292,7.055933,6.3391,6.458258,7.079983,7.549775,7.801883,8.810858,8.993267,7.985617,7.079058,6.7414,6.443425,6.413483,5.857908,5.646425,6.29125,6.04085,5.60645,5.816192,5.876033,6.302117,8.064625,8.397808,8.26825,8.137058,8.799317,9.418967,8.593825
Oman,"National currency per US$, period average.  Line rf of IFS.",,0.3454,0.3454,0.3454,0.3454,0.345398,0.345395,0.381982,0.3845,0.3845,0.3845,0.3845,0.3845,0.3845,0.3845,0.3845,0.3845,0.3845,0.3845,0.3845,0.3845,0.3845,0.3845,0.3845,0.3845,0.3845,0.3845,0.3845,0.3845,0.3845,0.3845,0.3845,0.3845,0.3845,0.3845,0.3845,0.3845,0.3845,0.3845,0.3845,0.3845,0.3845,0.385
Pakistan,"National currency per US$, period average.  Line rf of IFS.",,9.9,9.9,11.847467,13.116975,14.046333,15.928392,16.647508,17.3988,18.003292,20.541492,21.707375,23.800767,25.082792,28.107183,30.566592,31.642683,36.078683,41.111525,45.046667,49.500692,53.648192,61.927167,59.723792,57.752017,58.257867,59.514467,60.271358,60.738525,70.408033,81.712892,85.193817,86.343383,93.395192,101.6289,101.1001,102.769258,104.769117,105.455167,121.824075,150.036258,161.838475,162.90625
Palau,"National currency per US$, period average. ",,–,–,–,–,–,–,–,–,–,–,1,1,1,1,1,1,1,1,1,1,1,1,1,1,1,1,1,1,1,1,1,1,1,1,1,1,1,1,1,1,–,–
Palestine,"National currency per US$, period average. ","Israeli new shekel: US$ exchange rate being published for annual data otherwise The Palestinian Territories do not have a domestic currency. US dollars, Israeli shekels and, to a lesser extent, Jordanian dinar are all used. As most government data is expr",0.005117,0.011425,0.024267,0.056225,0.293225,1.178867,1.487833,1.594642,1.598942,1.916417,2.016183,2.279117,2.45905,2.830042,3.011183,3.011267,3.1878,3.449383,3.80015,4.139592,4.0773,4.205625,4.737833,4.548342,4.482017,4.487775,4.45645,4.108058,3.587842,3.932633,3.732975,3.578133,3.855925,3.610758,3.577925,3.8869,3.840567,3.599842,3.594925,3.564517,3.442408,3.230192
Panama,"National currency per US$, period average.  Line rf of IFS.",,1,1,1,1,1,1,1,1,1,1,1,1,1,1,1,1,1,1,1,1,1,1,1,1,1,1,1,1,1,1,1,1,1,1,1,1,1,1,1,1,1,1
Papua New Guinea,"National currency per US$, period average.  Line rf of IFS.",,0.670946,0.672968,0.738458,0.836146,0.898552,1.000314,0.971414,0.907899,0.867053,0.858798,0.955,0.951709,0.964663,0.978177,1.01134,1.279842,1.319075,1.437972,2.073592,2.570773,2.782157,3.388715,3.895221,3.563453,3.22254,3.10195,3.056735,2.965346,2.700088,2.755143,2.719294,2.37097,2.083648,2.24451,2.461385,2.768412,3.13303,3.188788,3.293463,3.387537,3.459975,3.508
Paraguay,"National currency per US$, period average.  Line rf of IFS.",,126,126,126,126,201,306.666667,339.166667,550,550,1056.216667,1229.808333,1325.183333,1500.258333,1744.345833,1904.760833,1963.019167,2056.811667,2177.8625,2726.49,3119.073333,3486.353333,4105.925,5716.258333,6424.339167,5974.5775,6177.958333,5635.4625,5032.716667,4363.241667,4965.391667,4735.4625,4191.416667,4424.9175,4320.6775,4462.191667,5204.91,5670.516667,5630.317692,5721.210769,6219.169231,6746.639231,6785.136923
Peru,"National currency per US$, period average. Average of inter-bank buying and selling rate. ",,0,0,0,0,0.00001,0.00001,0.00001,0.000018,0.000127,0.002667,0.187887,0.7725,1.245833,1.988319,2.195,2.253333,2.453333,2.664167,2.93,3.383333,3.49,3.506833,3.5165,3.478467,3.413175,3.295842,3.274033,3.128044,2.924408,3.011508,2.825125,2.7541,2.637588,2.701899,2.839046,3.18444,3.375063,3.260488,3.286605,3.337267,3.494941,3.876
Philippines,"National currency per US$, period average.",,7.511433,7.89965,8.54,11.112717,16.698708,18.607342,20.385683,20.567675,21.094675,21.736683,24.3105,27.478633,25.512492,27.119842,26.417167,25.714467,26.2161,29.470658,40.89305,39.088983,44.19225,50.99265,51.603567,54.203333,56.039917,55.085492,51.314275,46.148392,44.323292,47.679692,45.109675,43.313142,42.228808,42.446183,44.395158,45.502833,47.492475,50.403717,52.661433,51.795783,49.6241,49.2546
Poland,"National currency per US$, period average.",,0.004417,0.005117,0.008483,0.009158,0.011325,0.014725,0.017542,0.026517,0.043067,0.143625,0.95,1.059167,1.360833,1.811667,2.2725,2.4245,2.6961,3.278675,3.492608,3.967175,4.346075,4.0937,4.080033,3.889075,3.655,3.233817,3.103158,2.76795,2.409242,3.1197,3.0153,2.96285,3.256542,3.160617,3.153775,3.772058,3.945925,3.778333,3.611567,3.839958,3.899642,3.86145
Portugal,"National currency per US$, period average.  Line rf of IFS.","ECU:US$ pre-1999, Euro:US$ post-1999",0.718901,0.894758,1.019146,1.122004,1.267427,1.312016,1.016601,0.866302,0.844685,0.907114,0.785551,0.806121,0.771017,0.852949,0.841416,0.764361,0.787722,0.881605,0.892491,0.937352,1.082227,1.116525,1.058307,0.884269,0.804287,0.803356,0.79639,0.729586,0.679997,0.717737,0.753693,0.71854,0.777846,0.752934,0.752534,0.901205,0.903671,0.885518,0.846389,0.893178,0.876208,0.844932
Puerto Rico,"National currency per US$, period average. ",,1,1,1,1,1,1,1,1,1,1,1,1,1,1,1,1,1,1,1,1,1,1,1,1,1,1,1,1,1,1,1,1,1,1,1,1,1,1,1,1,1,1
Qatar,"National currency per US$, period average.  Line rf of IFS.",,3.656967,3.64,3.64,3.64,3.64,3.64,3.64,3.64,3.64,3.64,3.64,3.64,3.64,3.64,3.64,3.64,3.64,3.64,3.64,3.64,3.64,3.64,3.64,3.64,3.64,3.64,3.64,3.64,3.64,3.64,3.64,3.64,3.64,3.64,3.64,3.64,3.64,3.64,3.64,3.64,3.64,3.64
Romania,"National currency per US$, period average.  Line rf of IFS.","The redenomination of the Romanian leu on July 1st 2005 entailed the dropping of four zeroes: one new leu (RON) = 10,000 old lei (ROL). ",0.0018,0.0015,0.0015,0.00175,0.002125,0.001725,0.001608,0.001475,0.001433,0.0015,0.00225,0.007658,0.030792,0.076017,0.165517,0.203325,0.308258,0.716792,0.88755,1.533308,2.169292,2.906083,3.30555,3.320017,3.263658,2.913658,2.808983,2.43825,2.518858,3.049325,3.1779,3.048608,3.4682,3.327917,3.349175,4.005667,4.059183,4.052492,3.941617,4.237925,4.243992,4.160417
Russia,"National currency per US$, period average. ",,–,–,–,–,–,–,–,–,–,–,0.016,0.022,0.22,0.9917,2.1908,4.5592,5.120833,5.784833,9.705083,24.6199,28.129167,29.168525,31.348483,30.692025,28.813742,28.284442,27.190958,25.58085,24.852875,31.740358,30.367925,29.38235,30.839842,31.837133,38.378208,60.937658,67.055933,58.342808,62.668133,64.737658,72.104908,73.65435
Rwanda,"National currency per US$, period average. ",,86.063833,87.160167,93.06,96.094,100.232833,101.244583,87.59075,79.460583,76.447833,80.148917,83.704083,125.16425,133.938667,144.237083,140.703917,262.18225,306.82,301.52975,312.314,333.942,389.69625,442.991917,475.365417,537.655167,577.448917,557.822667,551.710333,546.955,546.84875,568.281417,583.13075,600.3065,614.295083,646.635917,682.437917,719.859583,787.251583,831.5545,861.09325,899.350417,943.278083,988.624833
Samoa,"National currency per US$, period average. ",,0.919307,1.034085,1.207333,1.549131,1.862306,2.245273,2.23576,2.121748,2.080437,2.270192,2.309852,2.399623,2.466308,2.568603,2.535037,2.473405,2.462173,2.559373,2.947687,3.01315,3.286362,3.47804,3.376258,2.973238,2.780723,2.710338,2.779294,2.616572,2.644176,2.73078,2.484657,2.317472,2.292313,2.3109,2.331771,2.560874,2.564928,2.554379,2.587279,2.648826,2.664961,2.556093
Saudi Arabia,"National currency per US$, period average.  Line rf of IFS.",,3.32674,3.38251,3.42817,3.45476,3.52381,3.62214,3.70625,3.75,3.75,3.75,3.75,3.75,3.75,3.75,3.75,3.75,3.75,3.75,3.75,3.75,3.75,3.75,3.75,3.75,3.75,3.75,3.75,3.75,3.75,3.75,3.75,3.75,3.75,3.75,3.75,3.75,3.75,3.75,3.75,3.75,3.75,3.75
Senegal,"National currency per US$, period average.  Line rf of IFS.",,211.279167,271.7325,328.608333,381.065833,436.9575,449.264167,346.306667,300.5375,297.85,319.009167,272.265833,282.108333,264.694167,283.1625,555.205833,499.15,511.551667,583.670833,589.9525,615.673333,711.831667,732.899167,696.381667,581.059167,528.123333,527.79,522.86,479.264167,448.215833,472.024167,495.310833,471.765833,510.514167,494.045833,494.414167,591.45,593.014167,582.03,555.7,585.959167,575.5875,554.7
Serbia,"Serbian dinar per US$, period average. ",,–,–,–,–,–,–,–,–,–,–,–,–,–,–,1.8528,3.4785,4.951,5.912,10.031,11.662,63.166,66.30475,64.405225,57.590042,58.375708,66.717825,67.155125,58.449567,55.72925,67.604933,77.722842,73.355433,87.958808,85.158842,88.405308,108.811425,111.27785,107.75885,100.175075,105.249558,103.163292,99.553658
Seychelles,"National currency per US$, period average. ",,6.39195,6.314925,6.552542,6.767642,7.058867,7.134333,6.176792,5.600008,5.383567,5.645717,5.3369,5.289308,5.121983,5.181533,5.055858,4.761975,4.969983,5.026342,5.262192,5.342583,5.713817,5.857542,5.480033,5.400717,5.5,5.5,5.519692,6.70106,9.457245,13.609942,12.067756,12.381032,13.704031,12.058317,12.747033,13.313925,13.319117,13.647842,13.911117,14.03325,17.616518,16.83
Sierra Leone,"National currency per US$, period average. ",,1.049833,1.159167,1.238667,1.885417,2.51,5.094167,16.092167,34.0425,32.514083,59.81275,151.445833,295.344167,499.441833,567.458583,586.73975,755.215833,920.7325,981.4825,1563.618,1804.195,2092.125,1986.154167,2099.033833,2347.941667,2701.296667,2889.5875,2961.909167,2985.185833,2981.515,3385.65,3978.086667,4349.161667,4344.036667,4332.500833,4524.159167,5080.7475,6290.2975,7384.432333,7931.63175,9010.221083,9829.926833,10394.2
Singapore,"National currency per US$, period average.  Line rf of IFS.",,2.141208,2.112692,2.140025,2.11305,2.133083,2.20015,2.177417,2.105983,2.012425,1.950258,1.812533,1.72755,1.628967,1.615791,1.527444,1.417375,1.410041,1.484806,1.673602,1.694957,1.723963,1.791723,1.790588,1.742183,1.690228,1.664398,1.588933,1.507102,1.414861,1.454515,1.363508,1.257776,1.249677,1.2513,1.26705,1.374825,1.381547,1.380925,1.348842,1.364158,1.379742,1.343
Sint Maarten,"National currency per US$, period average. ",Data are for the customs union (Curaçao & Sint Maarten).,–,–,–,–,–,–,–,–,–,–,1.79,1.79,1.79,1.79,1.79,1.79,1.79,1.79,1.79,1.79,1.79,1.79,1.79,1.79,1.79,1.79,1.79,1.79,1.79,1.79,1.79,1.79,1.79,1.79,1.79,1.79,1.79,1.79,1.79,1.79,1.79,1.79
Slovakia,"National currency per US$, period average.","ECU:US$ pre-1999, Euro:US$ post-1999",0.718907,0.894775,1.020408,1.123596,1.265823,1.315789,1.020408,0.869565,0.847458,0.909091,0.787402,0.806121,0.771017,0.852949,0.841416,0.764361,0.787722,0.881605,0.892491,0.937352,1.082227,1.116525,1.058307,0.884269,0.804287,0.803356,0.79639,0.729586,0.679997,0.717737,0.753693,0.71854,0.777846,0.752934,0.752534,0.901205,0.903671,0.885518,0.846389,0.893178,0.876208,0.844932
Slovenia,"National currency per US$, period average.","ECU:US$ pre-1999, Euro:US$ post-1999",0.718907,0.894775,1.020408,1.123596,1.265823,1.315789,1.020408,0.869565,0.847458,0.909091,0.787402,0.806121,0.771017,0.852949,0.841416,0.764361,0.787722,0.881605,0.892491,0.937352,1.082227,1.116525,1.058307,0.884269,0.804287,0.803356,0.79639,0.729586,0.679997,0.717737,0.753693,0.71854,0.777846,0.752934,0.752534,0.901205,0.903671,0.885518,0.846389,0.893178,0.876208,0.8449
Solomon Islands,"National currency per US$, period average. ",,0.829828,0.870164,0.971104,1.148558,1.273715,1.480767,1.7415,2.003292,2.082517,2.293242,2.528783,2.71475,2.9281,3.187733,3.291358,3.4059,3.566358,3.716942,4.815649,4.838142,5.088931,5.277985,6.748773,7.505943,7.484743,7.529873,7.609458,7.652,7.747917,8.055042,8.064502,7.641259,7.355202,7.302135,7.375345,7.914688,7.948153,7.88739,7.952505,8.173398,8.213414,8.038
Somalia,"National currency per US$, period average. ",Pre-2013; Derived from the UN Statistics Division. Post-2013; Derived from IMF Article IV Country Reports,30.167158,33.025129,39.936873,52.432911,86.894883,107.793843,146.934978,185.840246,294.34708,574.322831,1749.166667,3800,4400,3983.333333,4337.903226,5725,6882.5,7608.333333,7318,8736.611111,9571.5,16810.91667,20025.33333,17706.08333,14886.16667,15251.25,14091.58333,14406,14406,19557.01111,31900,31900,26200,20435,20268,22285,24005,23605,–,–,–,–
South Africa,"National currency per US$, period average.",,0.779267,0.878108,1.086642,1.115025,1.478808,2.2345,2.288225,2.038525,2.283867,2.621533,2.587808,2.76125,2.853542,3.270283,3.551658,3.627617,4.300367,4.608083,5.531475,6.117425,6.94695,8.625542,10.518792,7.556875,6.448,6.359883,6.76485,7.046992,8.258767,8.423375,7.3153,7.259667,8.203133,9.644175,10.846933,12.758125,14.692383,13.302483,13.238517,14.440567,16.464533,14.784408
South Korea,"National currency per US$, period average.",,607.716667,681.028333,731.1675,775.748333,805.970833,870.02,881.455833,822.564167,731.463333,671.455833,707.765833,733.329167,780.670833,802.538333,803.771667,771.254167,804.4575,949.89,1403.183333,1189.439167,1130.3625,1290.79,1251.6025,1191.645833,1146.249167,1024.328333,955.340833,929.375833,1100.125833,1277.245833,1156.46,1108.233333,1126.806667,1094.9825,1052.84,1130.9525,1160.7675,1131.000833,1100.163333,1165.3575,1180.265833,1143.958333
Spain,"National currency per US$, period average.","ECU:US$ pre-1999, Euro:US$ post-1999",0.718901,0.894758,1.019146,1.122004,1.267427,1.312016,1.016601,0.866302,0.844685,0.907114,0.785551,0.806121,0.771017,0.852949,0.841416,0.764361,0.787722,0.881605,0.892491,0.937352,1.082227,1.116525,1.058307,0.884269,0.804287,0.803356,0.79639,0.729586,0.679997,0.717737,0.753693,0.71854,0.777846,0.752934,0.752534,0.901205,0.903671,0.885518,0.846389,0.893178,0.876208,0.844932
Sri Lanka,"National currency per US$, period average.",,16.534417,19.24575,20.81225,23.528583,25.438167,27.162583,28.017325,29.4448,31.80655,36.046667,40.062942,41.371425,43.832167,48.251417,49.415,51.251575,55.27185,58.993733,64.591325,70.392233,75.777217,89.362825,95.661775,96.520917,101.1884,100.499025,103.962325,110.623233,108.333767,114.944783,113.064692,110.565208,127.603358,129.069042,130.565875,135.856917,145.581683,152.446425,162.481117,178.744933,185.59255,198.764317
St Kitts & Nevis,"National currency per US$, period average. ",,2.7,2.7,2.7,2.7,2.7,2.7,2.7,2.7,2.7,2.7,2.7,2.7,2.7,2.7,2.7,2.7,2.7,2.7,2.7,2.7,2.7,2.7,2.7,2.7,2.7,2.7,2.7,2.7,2.7,2.7,2.7,2.7,2.7,2.7,2.7,2.7,2.7,2.7,2.7,2.7,2.7,2.7
St Lucia,"National currency per US$, period average. ",,2.7,2.7,2.7,2.7,2.7,2.7,2.7,2.7,2.7,2.7,2.7,2.7,2.7,2.7,2.7,2.7,2.7,2.7,2.7,2.7,2.7,2.7,2.7,2.7,2.7,2.7,2.7,2.7,2.7,2.7,2.7,2.7,2.7,2.7,2.7,2.7,2.7,2.7,2.7,2.7,2.7,2.7
St Vincent & The Grenadines,"National currency per US$, period average. ",,2.7,2.7,2.7,2.7,2.7,2.7,2.7,2.7,2.7,2.7,2.7,2.7,2.7,2.7,2.7,2.7,2.7,2.7,2.7,2.7,2.7,2.7,2.7,2.7,2.7,2.7,2.7,2.7,2.7,2.7,2.7,2.7,2.7,2.7,2.7,2.7,2.7,2.7,2.7,2.7,2.7,2.7
Sudan,"National currency per US$, period average.  ","The Sudanese pound replaced the Sudanese dinar on September 1st 2007, at a rate of SD100:SP1.",0.0005,0.0006,0.001,0.0013,0.0013,0.0023,0.0025,0.003,0.0045,0.0045,0.0045,0.006958,0.097433,0.159308,0.289617,0.580875,1.250792,1.575742,2.008017,2.5255,2.571225,2.587025,2.633058,2.609833,2.57905,2.436058,2.171533,2.0161,2.090158,2.301533,2.306,2.666633,3.572958,4.756758,5.736867,6.025742,6.211717,6.6834,32.26626,45.767042,53.996008,372.1
Suriname,Line rf of IFS.,,0,0,0,0,0,0,0,0,0,0,0,0,0,0,0.224167,0.4425,0.4,0.4,0.4,0.835,1.320833,2.179167,2.35,2.605833,2.736667,2.733333,2.7475,2.75,2.75,2.75,2.75,3.268333,3.3,3.3,3.3,3.416667,6.229167,7.49,7.464167,7.46,9.31,18.25
Sweden,"National currency per US$, period average.  Line rf of IFS.",,4.2313,5.065375,6.287758,7.672617,8.276692,8.607008,7.12915,6.347275,6.135375,6.452133,5.921617,6.045233,5.828,7.788092,7.714633,7.139792,6.7085,7.640542,7.952683,8.26605,9.175117,10.34365,9.722992,8.080125,7.346883,7.473267,7.3731,6.756183,6.595783,7.65285,7.201242,6.49175,6.770025,6.511767,6.861217,8.4335,8.5605,8.545667,8.694025,9.456433,9.2106,8.577042
Switzerland,"National currency per US$, period average.  Line rf of IFS.",,1.677583,1.964725,2.0318,2.100408,2.351717,2.457567,1.798775,1.49155,1.463317,1.635383,1.389758,1.4338,1.406867,1.478,1.3668,1.182158,1.23635,1.450775,1.449733,1.502667,1.689892,1.688017,1.557092,1.345158,1.242817,1.246208,1.253517,1.199925,1.0829,1.08605,1.042625,0.887625,0.937425,0.926617,0.91515,0.962725,0.985208,0.984542,0.978133,0.993708,0.938767,0.913867
Syria,Free-market exchange rate,Neighbouring countries exchange rate up to 2004. ,42,42,42,42,42,42,42,42,42,42,42,42,42,42,42,42.5,42.9,44.5,46.3,46.3,46.3,46.3,46.3,46.3,48.6,53.4,52.003093,49.976303,46.583042,46.70824,46.38679,48.371021,64.391857,108.425933,153.695,236.41,460.258333,492.086667,436.5,436.5,914.541667,2198
São Tomé and Príncipe,"National currency per US$, period average. ",,0.034667,0.038417,0.040917,0.042417,0.04425,0.044583,0.038417,0.05425,0.086333,0.124833,0.143417,0.193727,0.321333,0.43,0.732667,1.420417,2.203167,4.5525,6.88325,7.119,7.978167,8.842083,9.088333,9.3475,9.902333,10.557917,12.448833,13.536833,14.695417,16.208333,18.498667,17.622917,19.068333,18.449917,18.466417,22.09075,22.148917,21.741167,20.75075,21.88475,21.507,20.89
Taiwan,"National currency per US$, period average.  Line rf of CBCFS.",,35.99575,36.842917,39.124,40.065167,39.597,39.826083,37.838083,31.73975,28.588417,26.407,26.892833,26.81475,25.163917,26.386592,26.456308,26.485208,27.457833,28.703017,33.455617,32.2696,31.234283,33.813067,34.578958,34.419292,33.425917,32.178833,32.533858,32.842792,31.534967,33.060692,31.647675,29.469625,29.61575,29.770542,30.362675,31.910967,32.325167,30.443333,30.163417,30.926083,29.58475,28.02
Tajikistan,"National currency per US$, period average. ",Pre-2010 data from IFS,–,–,–,–,–,–,–,–,–,–,–,–,0.002469,0.010358,0.024494,0.122859,0.2955,0.562333,0.776625,1.237792,2.07625,2.372192,2.764133,3.061367,2.970508,3.116567,3.298408,3.442483,3.430725,4.142708,4.378925,4.610092,4.762717,4.764175,4.934392,6.162225,7.834367,8.550408,9.151,9.531108,10.322042,11.31
Tanzania,"National currency per US$, period average.  Line rf of IFS.",,8.196583,8.283583,9.2825,11.142833,15.292333,17.472333,32.698,64.260333,99.292083,143.376917,195.055917,219.157417,297.708083,405.274,509.630917,574.76175,579.976667,612.1225,664.67125,744.759083,800.408583,876.411667,966.58275,1038.419,1089.334833,1128.934167,1251.900167,1245.0355,1196.31075,1320.31225,1395.625,1557.433333,1571.698333,1597.555833,1653.230833,1991.390833,2177.086667,2229.323333,2263.781667,2288.206667,2294.146,2297.78075
Thailand,"National currency per US$, period average.  Line rf of IFS.",,20.47635,21.820433,23.0001,23.0001,23.63935,27.15885,26.29885,25.722767,25.29385,25.702017,25.585433,25.516767,25.4001,25.319583,25.149925,24.91515,25.342658,31.364342,41.359392,37.813658,40.111808,44.4319,42.960083,41.484617,40.222417,40.220133,37.881975,34.518175,33.313308,34.285767,31.6857,30.491733,31.083092,30.725967,32.479833,34.247717,35.296383,33.939817,32.310233,31.047608,31.293675,31.977092
Timor-Leste,"National currency per US$, period average.",,–,–,–,–,–,–,–,–,–,–,1,1,1,1,1,1,1,1,1,1,1,1,1,1,1,1,1,1,1,1,1,1,1,1,1,1,1,1,1,1,1,1
Togo,"National currency per US$, period average. ",,211.279167,271.7325,328.608333,381.065833,436.9575,449.264167,346.306667,300.5375,297.85,319.009167,272.265833,282.108333,264.694167,283.1625,555.205833,499.15,511.551667,583.670833,589.9525,615.673333,711.831667,732.899167,696.381667,581.059167,528.123333,527.79,522.86,479.264167,448.215833,472.024167,495.310833,471.765833,510.514167,494.045833,494.414167,591.45,593.014167,582.03,555.7,585.959167,575.5875,554.7
Tonga,"National currency per US$, period average. ",,0.878281,0.870249,0.985902,1.110061,1.139565,1.431953,1.496035,1.42824,1.279737,1.263743,1.28093,1.296113,1.347168,1.384091,1.320217,1.270942,1.231975,1.263518,1.492055,1.599133,1.758503,2.123573,2.195187,2.145892,1.971563,1.943037,2.02588,1.970934,1.942444,2.034493,1.905988,1.728951,1.719508,1.773714,1.846773,2.105763,2.215661,2.205972,2.236572,2.289486,2.299561,2.262
Trinidad and Tobago,"National currency per US$, period average.",,2.4,2.4,2.4,2.4,2.4,2.45,3.6,3.6,3.84375,4.25,4.25,4.25,4.25,5.351083,5.924933,5.947792,6.005075,6.251692,6.298308,6.2989,6.299792,6.233217,6.248683,6.2951,6.298992,6.299558,6.312283,6.328033,6.289433,6.324908,6.375508,6.409308,6.4296,6.442633,6.409092,6.377442,6.668967,6.779525,6.77075,6.754308,6.751042,6.759
Tunisia,"National currency per US$, period average. ",,0.404975,0.493825,0.5907,0.6788,0.776867,0.834525,0.794058,0.828667,0.857825,0.94935,0.87835,0.924633,0.884467,1.003767,1.011558,0.94575,0.973408,1.105908,1.138725,1.186225,1.370683,1.438708,1.421733,1.288458,1.245467,1.297433,1.331025,1.281358,1.232558,1.349958,1.431292,1.407825,1.561892,1.624792,1.697633,1.96165,2.148033,2.419208,2.646867,2.93445,2.812267,2.794
Turkey,"National currency per US$, period average.  Line rf of IFS.",,0.000076,0.000111,0.000163,0.000225,0.000367,0.000522,0.000675,0.000857,0.001422,0.002122,0.002609,0.004172,0.006872,0.010985,0.029609,0.045845,0.081405,0.151865,0.260724,0.418783,0.625219,1.225588,1.507226,1.500885,1.425537,1.343583,1.428453,1.302931,1.301522,1.54996,1.502849,1.674955,1.796001,1.903768,2.188542,2.720009,3.020135,3.648133,4.82837,5.673819,7.008605,8.858
Turkmenistan,"National currency per US$, period average. ","Weighted average between the official exchange rate and the commercial rate, given as the buying rate offered at commercial banks until September 1998 and the black-market rate thereafter. Weights are variable depending on the relative size of official an",–,–,–,–,–,–,–,–,–,–,–,–,–,0.000397,0.00384,0.022183,0.7092,0.9254,1.1,1.7048,1.6958,1.9656,2.0196,2.0068,2.075,2.20304,2.17638,2.138,2.612,2.85,2.85,2.85,2.85,2.85,2.85,3.5,3.5,3.5,3.5,3.5,3.5,3.5
Turks and Caicos Islands,"National currency per US$, period average. ",,1,1,1,1,1,1,1,1,1,1,1,1,1,1,1,1,1,1,1,1,1,1,1,1,1,1,1,1,1,1,1,1,1,1,1,1,1,1,1,1,1,1
Tuvalu,"National currency per US$, period average. ",,0.878244,0.870215,0.985863,1.110015,1.139519,1.431895,1.495974,1.42818,1.279908,1.264597,1.281057,1.283756,1.361648,1.47056,1.367751,1.349033,1.277863,1.34738,1.591828,1.54995,1.7,1.9,1.8,1.5,1.4,1.3,1.3,1.2,1.2,1.3,1.1,1,1,1,1.1,1.3,1.3,1.3,1.3,1.4,–,–
Uganda,"National currency per US$, period average.  Line rf of IFS.",Bank of Uganda Data from 2014 onwards; IMF data till 2013,0.073333,0.501667,0.940833,1.539167,3.596667,6.72,14,42.841667,106.135833,223.091667,428.855,734.01,1133.834167,1195.018333,979.445833,968.919167,1046.083333,1083.008333,1240.305833,1454.828333,1644.475833,1755.659167,1797.55,1963.720833,1810.305,1780.540833,1831.451667,1723.490833,1720.444167,2030.488333,2177.558333,2522.8025,2504.563333,2586.888333,2594.746667,3234.086833,3414.221167,3619.532667,3718.8445,3699.243333,3710.708833,3580.268333
Ukraine,"National currency per US$, period average.",,–,–,–,–,–,–,–,–,–,–,–,–,–,0.045325,0.327517,1.473083,1.829467,1.861658,2.449542,4.130442,5.440233,5.372158,5.326625,5.332692,5.319183,5.124717,5.05,5.05,5.267225,7.791242,7.935642,7.967575,7.991025,7.993,11.886658,21.8447,25.551342,26.596617,27.200483,25.845583,26.957525,27.2862
United Arab Emirates,"National currency per US$, period average.  Line rf of IFS.",,3.707365,3.671,3.671,3.671,3.671,3.671,3.671,3.671,3.671,3.671,3.671,3.671,3.671,3.671,3.671,3.671,3.671,3.671125,3.6725,3.6725,3.6725,3.6725,3.6725,3.6725,3.6725,3.6725,3.6725,3.6725,3.6725,3.6725,3.6725,3.6725,3.6725,3.673,3.673,3.673,3.673,3.673,3.673,3.673,3.673,3.673
United Kingdom,"National currency per US$, period average.",,0.43001,0.493391,0.5716,0.659681,0.748746,0.771848,0.681737,0.61001,0.561396,0.609927,0.560253,0.565102,0.566837,0.665912,0.652692,0.63364,0.640362,0.610504,0.603467,0.618095,0.659696,0.69442,0.665602,0.611711,0.545685,0.549498,0.542613,0.499588,0.539903,0.638899,0.646614,0.623568,0.630696,0.63908,0.606996,0.654225,0.738048,0.775705,0.748662,0.782866,0.778988,0.726705
United States of America,"National currency per US$, period average. ",,1,1,1,1,1,1,1,1,1,1,1,1,1,1,1,1,1,1,1,1,1,1,1,1,1,1,1,1,1,1,1,1,1,1,1,1,1,1,1,1,1,1
Uruguay,"National currency per US$, period average. Market or Par",,0.009095,0.010806,0.013914,0.034469,0.056002,0.10133,0.151739,0.226196,0.358938,0.605012,1.170267,2.018238,3.024842,3.941092,5.043917,6.349,7.971833,9.441833,10.471917,11.3393,12.099592,13.319117,21.256967,28.208683,28.703733,24.4786,24.073358,23.471025,20.949317,22.567983,20.059275,19.314208,20.310575,20.481608,23.246025,27.327367,30.1626,28.6764,30.725258,35.255375,42.013292,43.5
Uzbekistan,"National currency per US$, period average. ",,–,–,–,–,–,–,–,–,–,–,–,–,–,0.975,25,29.766154,40.034733,66.350307,94.639885,124.824138,237.365654,422.700575,769.718966,971.396552,1019.55687,1113.567115,1219.095,1263.577011,1319.797099,1466.276054,1587.062874,1716.057115,1890.08931,2095.586398,2311,2570,2966.622337,5121.490808,8071.998837,8837.288736,10053.93751,10701.4
Vanuatu,"National currency per US$, period average. ",,68.292167,87.826,96.2075,99.367667,99.233333,106.031667,106.075833,109.849167,104.425833,116.041667,117.06125,111.675,113.391667,121.580833,116.405,112.111667,111.719167,115.873333,127.5175,129.075,137.643333,145.3125,139.198333,122.189167,111.79,109.245833,110.640833,102.4375,101.334167,106.740833,96.905833,89.469167,92.6375,94.5425,97.071667,108.989167,108.475,107.820833,110.165,114.7325,115.38,109.1
Venezuela,"National currency per US$, period average.",Break in series 1995 and 2014. After 2014 estimation based on different official exchange rates,0,0,0,0,0,0,0,0,0,0,0,0,0,0,0,0,0,0,0,0,0,0,0,0,0,0,0,0,0,0,0,0,0,0,1.403E-10,2.23E-10,1.072E-09,1.443E-08,0.0001007,0.01354,0.3207,3.235
Vietnam,"National currency per US$, period average.",,–,–,–,–,–,22.7,22.7,78.258333,606.508333,4463.958333,6482.8,10037.03333,11202.19167,10640.95833,10965.66667,11038.25,11032.58333,11683.33333,13268,13943.16667,14167.75,14725.16667,15279.5,15500.83333,15727.625,15841.75,15980.54167,16077.875,16440.41667,17799.625,19130.5,20649,20858.91667,21016.54167,21189.25,21908.5,22354.58333,22705.25,23012.20833,23223.95833,23222.75,22921.83333
Virgin Islands (British),"National currency per US$, period average. ",,–,–,–,–,–,–,–,–,–,–,–,–,–,–,–,–,–,–,1,1,1,1,1,1,1,1,1,1,1,1,1,1,1,1,1,1,1,1,1,1,1,1
Yemen,"National currency per US$, period average.  Line rf of IFS.",,–,–,–,–,–,–,–,–,–,–,12.01,12.01,12.01,12.01,12.01,40.839167,94.156667,129.280833,135.881667,155.718333,161.718333,168.671667,175.625,183.448333,184.775833,191.509167,197.049167,198.953333,199.764167,202.846667,219.59,213.8,214.349167,214.89,214.89,231.2,283.9,368,529.9,567,789.9,1034.7
Zambia,"National currency per US$, period average.  Line rf of IFS.","As of Jan 1st 2013, the Zambian government has introduced a new, rebased currency where ZK1,000 of the old currency is equal to ZK1 of the new currency",0,0,0,0,0,0.0025,0.01,0.010833,0.01,0.015,0.03,0.064167,0.1725,0.4525,0.669167,0.864167,1.208333,1.314167,1.860833,2.3875,3.109167,3.609167,4.3975,4.734167,4.778333,4.465,3.601667,4.001667,3.745,5.045,4.7975,4.861667,5.1475,5.396667,6.154167,8.631667,10.3075,9.5175,10.458333,12.89,18.343333,20.17
Zimbabwe,"National currency per US$, period average.  Line rf of IFS.",The currency re-denominations carried out in 2008 and 2009 have not been applied in order to give a consistent data series,1,1,1,1,1,1,1,1,1,1,1,1,1,1,1,1,1,1,1,1,1,1,1,1,1,1,1,1,1,1,1,1,1,1,1,1,1,1,1,8.5,51.3,86.4
