Exports to,1980 *y,.DESC,1980,1981,1982,1983,1984,1985,1986,1987,1988,1989,1990,1991,1992,1993,1994,1995,1996,1997,1998,1999,2000,2001,2002,2003,2004,2005,2006,2007,2008,2009,2010,2011,2012,2013,2014,2015,2016,2017,2018,2019,2020
US,X534T111,India: Exports to U.S. (Mil.US$),967.03,769.12,978.99,1296.12,1450.68,1563.34,1777.69,2114.01,2513.05,4423.51,2693.68,2922.27,3533.24,3885.08,4660.5,5304.65,6184.49,6742.38,7102.75,8099.95,9083.25,8318.85,10308.34,11363.89,12839.27,16475.21,18515.46,20285.37,22418.45,18280.02,23611.47,33359.49,36195.99,38710.93,42495.62,40400.33,41950.54,46065.27,51614.04,54221.27,49320.6
UK,X534T112,India: Exports to U.K. (Mil.US$),528.75,385.05,449.77,461.16,538.03,433.21,512.38,708.37,849.12,1200.98,1109.02,1136.74,1333.19,1265.2,1532.92,1880.77,2011.01,2120.18,1928.38,1990.33,2233.05,2165.65,2412.84,2892.29,3414.68,4714.85,5478.64,6428.42,6989.08,6182.83,6421.5,8788.65,8270.5,9624.96,9676.97,8902.02,9022.2,9026.43,9782.99,8805.82,7767.62
Austria,X534T122,India: Exports to Austria (Mil.US$),10.9,6.28,11.32,11.97,12.31,12.74,18.79,26.42,33.28,94.48,84.63,61.47,72.02,77.28,89.92,90.19,83.93,87.5,79.5,75.8,79.55,79.79,79.92,100.06,110.5,128.64,132.08,170.33,488.01,258.15,713.14,681.66,320.64,345.83,367.78,330.02,379.79,437.35,478.68,459.89,442.98
Belgium,X534T124,India: Exports to Belgium (Mil.US$),#N/A,#N/A,#N/A,#N/A,#N/A,#N/A,#N/A,#N/A,#N/A,#N/A,#N/A,#N/A,#N/A,#N/A,#N/A,#N/A,#N/A,1184.8,1269.8,1347.75,1444.88,1382.69,1594.03,1769.75,2283,2780.85,3323.64,4024.87,4853.13,3450.48,5028.33,7781.07,5603.71,6327.51,5884.92,5022.79,5361.33,6215.33,6816.82,6181.58,4565.32
Denmark,X534T128,India: Exports to Denmark (Mil.US$),34.98,26.52,34.39,37.13,39.49,30.75,31.92,38.71,46.48,76,78.07,78.59,89.4,87.56,108.67,146.84,139.81,157.13,179.68,204.95,183.58,152.75,175.71,227.34,276.01,384.15,445.94,486.38,582.04,577.69,627.77,784.9,705.98,756.25,747.36,677.2,699.45,760.62,745.55,752.36,698.43
France,X534T132,India: Exports to France (Mil.US$),203.96,133.26,165.33,146.08,155.57,161.64,198.81,256.39,305.01,523.71,421.73,421.24,490.56,484.89,544.89,682.84,709.79,752.88,818.73,890,998.9,982.12,1053.84,1243.46,1538.27,1995.85,2119.67,2508.96,3150.67,3225.98,4912.14,4909.93,5081.61,5190.01,5095.29,4828.6,4864.37,5032.52,5286.24,5432.79,4363.55
Germany,X534T134,India: Exports to Germany (Mil.US$),494.25,327.65,368.41,373.57,416.13,401.46,524.91,742.75,909.72,1226.99,1351.87,1271.08,1441.49,1526.52,1585.89,1841.41,1857.05,1916.05,1869.85,1766.78,1865.3,1758.36,2027.1,2435.08,2619.21,3396.15,3881.19,4832.18,6347.37,5451.1,5997.47,8247.68,7258.05,7426.8,7745.64,7033.87,7174.13,8241.53,8972.85,8571.39,7656.98
Italy,X534T136,India: Exports to Italy (Mil.US$),213.47,153.45,150.91,151.13,179.82,168.52,198.58,349.95,405.53,569.54,499.34,580.73,655.04,570.87,767.76,973.83,913.45,1069.83,1070.05,1103.6,1261.55,1253.72,1319.44,1636.32,2052.97,2460.78,3316.93,3829.38,4135.31,3237.58,4197.86,5068.49,4307.34,5098.69,5365.8,4241.94,4488.89,5628.73,5533.99,5188.63,4347.92
Luxembourg,X534T137,India: Exports to Luxembourg (Mil.US$),#N/A,#N/A,#N/A,#N/A,#N/A,#N/A,#N/A,#N/A,#N/A,#N/A,#N/A,#N/A,#N/A,#N/A,#N/A,#N/A,#N/A,3.2,3.65,5,5.55,5.32,7.97,12.93,11.66,10.91,15.51,13.03,13.97,4.02,19.3,8.23,8.48,11.4,9.32,8.89,10.46,11.36,14.06,36.46,11.94
Netherlands,X534T138,India: Exports to Netherlands (Mil.US$),201.59,127.42,106.43,167.92,192.14,133.11,161.29,202.25,253.02,218.73,298.43,373.18,418.03,457.55,535.01,711.07,838.77,815.95,773.58,855.23,881.53,847.63,1001.9,1228.81,1460.82,2257.3,2621.34,4586.72,6458.7,6407.17,6578.59,9733.99,10013.66,8590.68,6734.02,4923.93,4834.04,5431.74,8653.98,8930.79,6261.19
Norway,X534T142,India: Exports to Norway (Mil.US$),11.33,10.72,8.11,9.16,9.63,9.24,13.42,16.53,18.84,36.35,30.17,44.17,49.95,45.77,57.21,63.34,64.81,77.03,60.98,52.35,58.13,54.68,66.69,74.47,93.89,123.61,170.08,243.88,468.25,222.74,187.64,320.4,241.29,225.19,244,541.23,234.4,344.14,301.86,428.07,310.31
Sweden,X534T144,India: Exports to Sweden (Mil.US$),37.35,30.22,32.82,26.93,32.41,31.79,39.45,55.77,64.4,101.16,85.93,92.45,112.23,97.31,133.01,141.34,149.27,162.53,153.75,147.28,168.78,160.57,170.78,208.98,226.13,305.24,372.14,504.48,607.69,443.71,582.22,791.45,705.56,714.45,766.41,695.21,707.46,754.16,786.76,759.89,701.9
Switzerland,X534T146,India: Exports to Switzerland (Mil.US$),153.91,72.29,107.11,125.8,96.96,83.49,110.94,149.94,177.9,174.28,217.45,219.41,220.59,206.57,228.4,264.83,289.87,350.78,331.23,345.13,416.73,419.99,389.32,433.53,503.87,495.23,470.37,578.17,770.95,619.89,619.12,1007.43,1159.44,1713.66,1129.26,944.58,1035.1,994.97,1236.98,1279.81,1247.87
Canada,X534T156,India: Exports to Canada (Mil.US$),77.3,63.34,60.96,79.44,77.3,112.41,110.22,117.19,140.69,180.03,159.73,188.21,207.72,212.59,251.68,291.86,317.68,413.15,463.05,551.98,636.95,569.63,669.9,746.96,802.92,982.88,1088.19,1226.54,1414.89,1139,1253.32,1886.85,2020.28,2130.75,2169.58,2092.97,1824.42,2319.55,2793.65,2897.34,2812.15
Japan,X534T158,India: Exports to Japan (Mil.US$),775.83,557.07,909.6,834.23,826.65,920.61,1017.31,1198.49,1420.58,2136.67,1656,1653.96,1522.83,1656.54,1923.53,2130.4,2077.97,1925.35,1713.63,1677.05,1767.23,1532.13,1775.63,1747.97,1910.52,2392.92,2767.34,3606.01,3618.34,3186.04,4812.81,5663.55,6697.23,6763.65,5732.29,4734.94,3827.25,4503.71,4742.6,4817.74,4043.29
Finland,X534T172,India: Exports to Finland (Mil.US$),6.1,5.69,7.06,4.42,5.44,5.59,7.92,12.3,14.96,24.33,62.49,51.97,45.46,26.12,41.3,46.37,56.89,57.2,71.98,62.58,58.2,71.05,70.79,101.24,129.97,189.41,196.91,228.19,275.99,200.07,237.86,301.3,313.47,417.57,357.08,244.14,263.18,286.23,262.37,267.21,267.03
Greece,X534T174,India: Exports to Greece (Mil.US$),10.93,16.9,9.94,10.83,5.86,6.59,9.33,11.07,13.84,18.29,26.76,29.98,40.9,49.67,61.4,93.93,96.68,93.45,125.35,101.43,107.6,109.67,138.16,187.2,267.41,499.65,645.4,566.15,761.9,647.01,321.13,792.43,357.87,334.33,365.93,319.28,354.58,423.15,490.17,451.75,454.29
Iceland,X534T176,India: Exports to Iceland (Mil.US$),0.17,0.09,0.19,0.26,0.12,0.11,0.16,0.39,0.54,1.23,0.3,0.41,0.67,0.42,1.26,1.65,2.67,5.58,4.68,3.28,5.18,4.94,7.44,15.27,13.71,13.02,11.88,13.2,14.37,13.58,85.82,31.15,26.32,20.98,20.36,18.74,19.86,5.87,18.92,19.05,11.85
Ireland,X534T178,India: Exports to Ireland (Mil.US$),18.35,11.4,10.63,9.3,12.85,9.06,11.13,12.28,15.18,38.81,23.69,22.54,25.4,21.74,31.22,46.28,54.22,65.03,67.28,76.93,97.42,97.83,127.45,147.15,180.21,262.82,239.31,291.95,440.91,278.08,265.32,334.72,398.77,400.75,725.99,544.82,496.24,517.75,538.41,546.77,542.89
Malta,X534T181,India: Exports to Malta (Mil.US$),1.12,0.91,0.53,0.44,0.78,0.15,0.11,0.13,0.42,4.63,9.22,3.17,7.33,6.64,5.6,10.11,6.15,11.83,7.9,22.68,14.93,10.89,27.22,96.54,52.96,98.85,75.76,40.97,72.16,482.71,993.89,847.18,299.13,202.47,401.88,325.87,109.75,205.22,196.91,239.16,315.87
Portugal,X534T182,India: Exports to Portugal (Mil.US$),12.53,8.42,7.96,10.47,10.75,9.77,12.96,31.27,32.21,53.05,36.77,44.9,56.23,53.2,57.56,88.36,82.93,105.53,107.58,120.03,141.18,145.99,158.55,167.95,197.47,251.46,339.9,462.56,532.28,348.37,462.18,581.67,490.61,616.63,676.11,581.41,618.36,736.28,762.51,741.92,829.21
Spain,X534T184,India: Exports to Spain (Mil.US$),23.89,22.86,34.07,32.44,29.34,25.1,38.51,64,83.91,107.1,158.03,216.97,246.77,202.08,247.25,380.67,419.7,459.25,500.08,544.38,641.25,688.55,778.42,954.91,1236.41,1582.65,1820.17,2188,2811.22,1922.92,2309.87,2985.98,2912.91,2854.01,3146.19,3165.45,3358.83,3774.06,4111.81,4242.3,3084.82
Turkey,X534T186,India: Exports to Turkey (Mil.US$),6.05,1.47,2.23,4.66,3.42,6.11,22.59,21,24.2,41.22,46.19,53.18,91.93,115.79,81.27,155.83,194.3,233.6,188.48,184.53,297.55,200.89,331.01,514.58,656.89,938.48,1244.21,1642.65,1646.94,1288.05,2326.13,3623.24,3682.26,4102.52,5574.12,4407.55,4478.28,4923.76,5358.77,5331.24,3636.05
Yugoslavia,X534T188,India: Exports to Yugoslavia [DISC] (Mil.US$),47.37,25.42,23,17.58,18.15,15.47,56.79,43.84,51.08,92.14,43.1,30.87,13.84,1.12,0.22,1.87,1.32,19.95,26.4,21.23,#N/A,#N/A,#N/A,#N/A,#N/A,#N/A,#N/A,#N/A,#N/A,#N/A,#N/A,#N/A,#N/A,#N/A,#N/A,#N/A,0.15,#N/A,#N/A,#N/A,#N/A
Australia,X534T193,India: Exports to Australia (Mil.US$),124.23,95.71,110.54,89.63,118.22,102.59,110.68,130.27,159.83,193.31,183.32,202.9,232.15,245.59,313.4,351.09,381.26,425.08,400.13,399.33,405.25,391.05,482.64,564.26,661.35,796.03,898.91,1093.74,1451.5,1315.32,1652.84,2087.96,2665.38,2209.57,2666.28,3172.86,2920.24,3887.65,3738.8,2955.5,3471.13
New Zealand,X534T196,India: Exports to New Zealand (Mil.US$),24.95,19.5,21.51,15.61,18.82,14.06,15,20.17,23.19,41.35,21.1,24.21,33.3,30.34,48.87,57.59,62.78,70.43,60.6,62.43,63.55,60.82,66.33,81.41,87.95,129.73,413,244.73,209.94,243.96,189.03,240.74,303.52,267.08,322.17,314.64,308.55,329.39,378.77,383.77,439.1
South Africa,X534T199,India: Exports to South Africa (Mil.US$),#N/A,#N/A,#N/A,#N/A,#N/A,#N/A,#N/A,#N/A,#N/A,#N/A,#N/A,5.94,0.1,4.58,124.98,268.78,346.4,374.4,389.23,310.98,304.37,320.78,451.22,525.5,853.79,1391.16,2066.59,2554.65,2526.45,1864.62,3643.45,4351.7,4962.54,5265.31,5614.39,3854.92,3245.84,4073.95,4014.7,3983.69,3498.29
Argentina,X534T213,India: Exports to Argentina (Mil.US$),6.03,2.52,1.31,1.59,0.97,0.46,1.93,2.22,2.28,3.34,3.75,16.62,28.13,30,50.42,32.69,50.32,84.2,78.68,65.45,89.53,82.67,61.37,80.57,155.9,196.21,208.66,270.08,381.36,247.38,376.17,454.11,500.68,612.23,498.3,515.26,510.14,661.26,631.53,631.24,739.11
Bolivia,X534T218,India: Exports to Bolivia (Mil.US$),0.32,0.06,#N/A,#N/A,#N/A,#N/A,#N/A,#N/A,0.01,1.12,0.08,0.9,1.5,0.75,0.86,0.98,0.49,0.7,0.93,0.85,1.7,1.3,1.89,3.31,3.69,5.91,5.73,7.07,9.78,8.12,13.56,21.68,49.56,55.12,68.51,75.56,71.42,98.75,99.63,121.03,84.95
Brazil,X534T223,India: Exports to Brazil (Mil.US$),2.19,1.08,1.47,0.58,1.37,1.84,3.07,3.4,17.96,19.24,8.64,17.32,17.45,55.46,58.4,98.13,117.82,140.68,135.83,134.58,203.25,227.4,414.03,326.47,560.98,987.5,1362.74,2250.77,3194.05,1760.01,3670.38,5362.77,6129.09,5412.52,6973,3086.58,2300.63,2874.31,3562.77,4111.97,3675.78
Chile,X534T228,India: Exports to Chile (Mil.US$),1.72,1.3,#N/A,#N/A,#N/A,#N/A,#N/A,#N/A,0.88,4.92,1.57,7.87,10.21,11.75,21.8,48.91,63.27,106.98,81.23,68.48,98.53,85.28,74.91,80.3,99.47,141.91,319.52,280.94,418.1,254.32,481.98,524.9,646.59,652.19,617.29,666.38,652.52,744.7,925.4,877.09,738.08
Colombia,X534T233,India: Exports to Colombia (Mil.US$),0.07,0.2,0.22,0.69,0.77,0.6,0.65,0.54,0.63,0.65,1.29,4.51,6.73,12.76,15.37,15.33,18.04,29.68,27.73,31.63,45.25,48.97,59.75,86.87,267.5,423.94,546.23,712.16,411.06,360.84,508.81,808.9,927.38,939.58,1128.52,972.13,767.38,911.97,1076.28,1037.35,830.31
Costa Rica,X534T238,India: Exports to Costa Rica (Mil.US$),0.15,#N/A,0.01,0.01,0.08,0.03,0.08,0.28,0.35,0.47,0.37,0.32,0.82,1.32,1.48,0.67,0.51,1.5,1.8,2.4,5.75,6.8,9.87,18.03,17.09,16.16,19.4,28.87,39.08,28.96,51.94,62.9,77.68,76.26,93.74,124.59,147.87,133.69,145.99,131.32,112.23
Dominican Republic,X534T243,India: Exports to Dominican Republic (Mil.US$),0.13,0.06,0.05,0.03,0.04,0.2,0.28,0.19,0.23,#N/A,0.17,0.27,0.65,0.62,1.83,3.48,3.25,2.65,2.48,9.13,11.38,11.5,15.35,13.21,18.3,29.35,35.72,41.13,55.28,48.07,79.14,99.33,108.7,115.62,139.26,162.33,221.04,195.78,212.54,223.1,188.93
Ecuador,X534T248,India: Exports to Ecuador (Mil.US$),0.11,0.2,#N/A,#N/A,#N/A,#N/A,#N/A,#N/A,0,0.9,0.08,0.44,0.57,0.27,1.59,1.6,2.02,3.9,4.55,2.88,7.63,10.58,11.72,13.59,19.83,25.33,45.75,54.6,94.02,109.65,112.59,228.81,171.78,302.59,297.9,173.61,166.59,264.94,305.98,259.16,194.98
El Salvador,X534T253,India: Exports to El Salvador (Mil.US$),0.01,#N/A,#N/A,#N/A,#N/A,#N/A,#N/A,#N/A,0.03,0.02,#N/A,0.25,0.36,0.31,1.17,1.62,0.95,1.4,1.88,2.75,2.55,2.67,3.58,5.84,7.93,11.22,16.25,13.51,16.72,12.6,20.11,34.1,51.36,66.3,60.46,69.05,59.33,66.08,77.85,78.6,75.5
Guatemala,X534T258,India: Exports to Guatemala (Mil.US$),0.01,#N/A,#N/A,0.01,0.03,0.23,0.33,0.37,0.71,0.53,0.57,0.67,1.04,1.85,1.97,2.79,1.91,4.28,4.63,11.95,17.62,17.79,16.87,24.3,32.8,43.91,67.01,74.47,92.47,76.79,109.18,168,221.62,215.17,221.6,255.02,239.51,282.08,305.39,290.51,299.42
Haiti,X534T263,India: Exports to Haiti (Mil.US$),0.05,0.07,#N/A,#N/A,#N/A,#N/A,#N/A,#N/A,0.07,#N/A,0.15,0.18,0.07,0.18,0.05,1.07,1.16,1.85,2.53,3,5.13,6.31,9.89,9.14,13.64,14.79,20.36,25.45,44.47,34.17,58.59,46.55,61.19,58.16,73.32,75.65,65.8,92.45,81.88,67.38,89.48
Honduras,X534T268,India: Exports to Honduras (Mil.US$),#N/A,#N/A,#N/A,#N/A,#N/A,#N/A,#N/A,#N/A,0.54,0.37,0.28,1.38,1.36,1.68,2.16,2.87,1.33,3.1,3.75,10.48,14.65,10.91,19.14,14.41,18.26,31.28,93.52,99.68,85.07,45.5,58.07,81.39,110.35,105.57,161.83,171.24,141.8,142.15,157.58,186.38,139.09
Mexico,X534T273,India: Exports to Mexico (Mil.US$),6.28,6.35,5.64,2.1,2.23,3.73,3.06,3.46,5.59,12.14,21.11,27.98,44.99,49.76,75.75,50.19,70.05,102.75,125.38,138.23,191.6,227.39,255.53,263.71,330.35,424.44,512.6,577.69,699.67,516.39,767.35,1338.69,1592.55,1865.59,2919.88,2769.18,3375.28,3700.14,3840.61,3735.81,3045.68
Nicaragua,X534T278,India: Exports to Nicaragua (Mil.US$),0.02,0.03,0.08,#N/A,0.07,0.11,4.12,1.44,1.99,#N/A,5.08,0.08,0.66,0.73,0.1,0.86,0.55,0.58,0.98,2.15,3.7,5.07,5.36,5.78,9.8,10.82,13.86,43.82,52.66,18.84,27.42,42.49,53.12,61.11,65.2,77.11,90.8,78.52,65.73,64.8,73.4
Panama,X534T283,India: Exports to Panama (Mil.US$),0.8,9.29,#N/A,#N/A,#N/A,#N/A,#N/A,#N/A,0.5,0.44,7.92,19.64,22.69,14.89,31.07,31.38,25.04,41.15,34.3,40.78,77.58,65.07,59.19,57.89,54.18,64.79,140.8,93.11,116.43,86.39,101.76,200.47,251.81,199.09,271.73,241.19,213.84,233.86,212.16,243.94,154.85
Paraguay,X534T288,India: Exports to Paraguay (Mil.US$),0.32,0.32,#N/A,#N/A,#N/A,#N/A,#N/A,#N/A,0.1,0.55,1.14,2.65,2.55,3.4,9.38,9.11,4.89,6.5,6.08,6.65,7.95,7.18,6.92,9.63,11.26,15.29,24.56,41.71,41.84,31.65,38.61,64.23,71.19,86.95,98.87,112.82,118.95,150.32,164.99,136.24,149.24
Peru,X534T293,India: Exports to Peru (Mil.US$),3.81,0.68,1.31,0.48,0.43,0.32,0.66,0.86,0.88,1.37,0.49,2.48,2.96,3.16,6.03,15.81,23.05,19.65,23.03,30.55,27.95,33.78,46.03,40.93,58.84,80.4,115.27,246.54,407.85,213.02,399.55,558.59,635.01,649.37,754.61,755.98,683.15,729.16,758.08,751.34,701.95
Uruguay,X534T298,India: Exports to Uruguay (Mil.US$),4.16,1.6,0.38,0.86,0.15,0.23,0.61,0.44,0.54,1.76,0.51,1.32,3.5,4.33,12.39,11.54,12.74,29.53,35.88,29,33.4,32.59,19.15,18.83,21.9,27.07,34.66,47.3,69.93,45.86,78.94,135.16,137.74,151.15,217.69,165.62,139.86,188.76,189.19,154.73,98.02
Venezuela,X534T299,India: Exports to Venezuela (Mil.US$),0.64,0.58,0.75,0.5,0.67,1.12,2.47,1.77,1.93,4.39,5.93,6.88,10.4,13.93,9.18,10.59,14.46,21.23,25.4,24.05,37.55,58.38,44.29,25.98,56.51,88.8,118.47,139.26,159.59,189.53,154.98,238.13,252.28,215.28,237.77,160.74,73.24,82.05,72.71,240.16,758.46
Antigua and Barbuda,X534T311,India: Exports to Antigua & Barbuda (Mil.US$),1.58,0.03,#N/A,#N/A,#N/A,#N/A,#N/A,#N/A,0,#N/A,0.02,0,0.02,#N/A,0.03,0.04,0.44,0.5,0.13,0.23,0.23,0.21,0.22,3.48,1.92,1.11,1.34,1.75,3.44,1.64,0.61,0.93,1.51,1.61,2.24,2.64,2.19,1.97,2.92,2.18,1.44
Bahamas,X534T313,India: Exports to Bahamas (Mil.US$),0.8,0.01,0.08,0.13,28.38,0.13,0.18,0.34,0.42,#N/A,0.78,0.35,8.36,6.82,0.45,0.43,0.38,0.95,0.8,1.23,2.08,0.71,2.55,3.22,5,8.4,48.23,28.47,15.23,512.9,1996.66,2462.33,2424.67,817.7,122.84,12.24,5.73,7.37,5.78,8.42,55.88
Aruba,X534T314,India: Exports to Aruba (Mil.US$),#N/A,#N/A,#N/A,#N/A,#N/A,#N/A,#N/A,#N/A,#N/A,#N/A,#N/A,#N/A,#N/A,#N/A,#N/A,#N/A,#N/A,#N/A,#N/A,#N/A,#N/A,#N/A,#N/A,#N/A,#N/A,0.58,1.25,0.87,1.57,1.53,1.68,2.47,2.52,3.34,3.42,6.49,8.29,6.48,8.51,9.34,4.84
Barbados,X534T316,India: Exports to Barbados (Mil.US$),0.1,0.03,0.17,0.1,0.09,0.06,0.14,0.32,0.27,1.11,0.01,0.07,0.09,0.29,0.52,0.13,1.31,1.48,2.55,3.43,3.23,1.01,2.11,1.5,1.52,2.17,2.58,2.55,3.76,3.95,5.06,7.04,6.57,6.38,9.41,9.77,13.27,12.05,12.07,13.21,10.41
Bermuda,X534T319,India: Exports to Bermuda (Mil.US$),0.02,0.09,#N/A,#N/A,#N/A,#N/A,#N/A,#N/A,0.13,#N/A,1.25,0.18,0.24,0.31,0.29,0.17,1.14,0.7,0.75,0.73,0.55,0.48,0.3,0.47,0.55,0.41,0.65,1.13,0.75,0.89,0.89,0.95,1.3,2.06,3.12,2.37,4.04,3.46,3.13,2.46,3.16
Dominica,X534T321,India: Exports to Dominica (Mil.US$),#N/A,#N/A,#N/A,#N/A,#N/A,#N/A,#N/A,#N/A,0.02,0.07,0.03,0.12,0.09,0.44,0.78,1.1,1.42,3.65,5.18,3.15,4.13,1.91,2.07,2.15,2.01,2.47,2.79,2.92,2.49,2.82,2.96,2.22,2.66,2.39,2.37,1.75,2.46,1.68,1.66,2.33,1.29
Falkland Islands,X534T323,India: Exports to Falkland Islands (Mil.US$),0.05,0.01,#N/A,#N/A,#N/A,#N/A,#N/A,#N/A,#N/A,#N/A,#N/A,#N/A,#N/A,#N/A,0,#N/A,0.01,#N/A,#N/A,#N/A,#N/A,0,0.01,0.13,0.08,0.03,0.2,0.11,0.09,0.04,0.04,0.58,0.81,0,#N/A,0,#N/A,#N/A,#N/A,#N/A,0
Greenland,X534T326,India: Exports to Greenland (Mil.US$),#N/A,#N/A,#N/A,#N/A,#N/A,#N/A,#N/A,#N/A,#N/A,0.4,#N/A,0.01,0.03,0.01,0.09,#N/A,#N/A,#N/A,#N/A,0.15,0.28,0.52,0.07,0.12,0.1,2.54,0.84,0.04,0.03,0.45,0.06,0.17,0.43,1.73,1.15,8.93,#N/A,0.01,#N/A,0.03,1.11
Grenada,X534T328,India: Exports to Grenada (Mil.US$),0.02,0.01,#N/A,#N/A,#N/A,#N/A,#N/A,#N/A,#N/A,#N/A,#N/A,0.4,0.02,#N/A,#N/A,0.04,0.01,#N/A,0.08,0.1,0.4,0.36,0.45,0.56,0.3,0.71,0.8,1.13,0.49,0.54,0.82,1.08,0.89,1.32,1.54,1.85,2.62,2.92,2.8,3.38,2.06
Guadeloupe,X534T329,,,,,,,,,,,,,,,,,,,,,,,,,,,,,,,,,,,,,,,,,,
French Guyana,X534T333,,,,,,,,,,,,,,,,,,,,,,,,,,,,,,,,,,,,,,,,,,
Guyana,X534T336,India: Exports to Guyana (Mil.US$),0.82,0.13,0.13,0.32,0.18,0.11,0.06,0.04,0.06,#N/A,0.13,1.56,0.99,0.59,0.8,0.86,1.45,1.3,2.03,2.38,4.43,3.41,3.16,4.45,6.08,10.08,12.65,13.49,13.36,14.05,16.39,20.94,21.1,22.66,23.4,24.86,19.32,23.19,31.76,25.01,24.28
Belize,X534T339,India: Exports to Belize (Mil.US$),#N/A,0.01,#N/A,#N/A,#N/A,#N/A,#N/A,#N/A,#N/A,#N/A,0.01,0.09,0.17,0.22,0.09,0.01,0.09,0.03,0.08,0.33,0.47,0.19,0.56,2.23,1.39,2.25,1.84,4.99,7.07,1.88,10.84,22.33,24.6,24.38,22.97,16.07,15.15,14.76,14.18,16.32,9.4
Jamaica,X534T343,India: Exports to Jamaica (Mil.US$),0.13,0.1,0.03,0.06,0.06,0.1,0.41,0.47,0.4,0.54,0.26,0.62,0.63,1.79,3,0.69,1.34,1.43,1.68,3.38,7.8,7.66,9.2,9.43,11.95,22.75,21.57,23.54,21.31,20.29,21.3,26.02,30.88,33.18,36.33,41.17,42.15,50.04,54.62,56.63,57.65
Leeward Islands,X534T346,,,,,,,,,,,,,,,,,,,,,,,,,,,,,,,,,,,,,,,,,,
Martinique,X534T349,,,,,,,,,,,,,,,,,,,,,,,,,,,,,,,,,,,,,,,,,,
Montserrat,X534T351,India: Exports to Montserrat (Mil.US$),#N/A,#N/A,#N/A,#N/A,#N/A,#N/A,#N/A,#N/A,#N/A,#N/A,#N/A,#N/A,#N/A,#N/A,#N/A,#N/A,#N/A,#N/A,#N/A,#N/A,#N/A,#N/A,#N/A,#N/A,#N/A,#N/A,#N/A,#N/A,#N/A,#N/A,#N/A,#N/A,#N/A,#N/A,#N/A,#N/A,0.03,0.02,0.06,0.06,0.06
Netherlands Antilles,X534T353,India: Exports to Netherlands Antilles (Mil.US$),1.17,0.35,#N/A,#N/A,#N/A,#N/A,#N/A,#N/A,0.22,0.44,1.67,1.54,1.99,2.74,6.37,8.23,1.42,4.98,6.1,7.48,19,23.93,27.63,15.99,7.12,9.52,12.37,10.82,14.55,21.42,55.14,43.01,54.87,67.39,44.88,39.06,38.19,41.17,27.76,32.88,#N/A
St Kitts and Nevis,X534T361,India: Exports to St. Kitts & Nevis (Mil.US$),#N/A,#N/A,#N/A,#N/A,#N/A,#N/A,#N/A,#N/A,#N/A,0.04,0.01,0.06,0.07,0.03,0.01,0.05,0.02,#N/A,0.08,0.03,#N/A,0.01,0.06,0.26,0.45,0.59,1.09,0.85,0.92,1.4,1.01,0.85,0.65,1.21,1.14,2.15,3.07,2.79,2.4,2.65,1.11
St Lucia,X534T362,India: Exports to St. Lucia (Mil.US$),0.01,0.02,#N/A,#N/A,#N/A,#N/A,#N/A,#N/A,#N/A,#N/A,0.04,0.02,0.04,0.02,0.13,0.09,0.32,0.13,0.18,0.28,0.37,0.37,0.39,0.41,0.45,0.67,0.68,0.57,1.02,1.14,2.44,1.12,1.22,1.55,2.38,2.66,3.75,4.26,4.53,3.25,2.77
St Pierre and Miguelon,X534T363,,,,,,,,,,,,,,,,,,,,,,,,,,,,,,,,,,,,,,,,,,
St Vincent and Grenadines,X534T364,India: Exports to St. Vincent & Grenadines (Mil.US$),0.05,#N/A,#N/A,#N/A,#N/A,#N/A,#N/A,#N/A,0,#N/A,#N/A,#N/A,#N/A,#N/A,1.11,#N/A,#N/A,0.53,#N/A,#N/A,2.7,0.09,0.18,0.12,0.21,0.37,0.36,0.44,0.84,0.34,0.41,0.27,0.59,1.82,0.73,0.65,0.79,0.72,0.57,0.81,0.44
Suriname,X534T366,India: Exports to Suriname (Mil.US$),0.37,0.25,#N/A,#N/A,#N/A,#N/A,#N/A,#N/A,#N/A,#N/A,0.75,0.49,0.74,1.87,0.55,1.5,1.36,1.18,1.18,1.8,1.25,1.16,1.71,3.25,13.75,16.14,16.4,12.6,10.14,21.02,9.42,12.1,20.24,24.25,25.43,16.47,10.08,15.35,20.83,32.3,16.04
Trinidad and Tobago,X534T369,India: Exports to Trinidad & Tobago (Mil.US$),2.29,1.86,2.65,2.36,1.91,1.5,1.41,0.65,0.77,3.88,4.17,2.04,2.81,3.86,3.02,3.84,6.82,10.25,9.15,8.25,8.57,10.02,19.44,20.31,25.56,57.21,97.72,129.04,377.91,191.97,57.51,75.2,82.71,101.29,106.11,112.38,81.5,92.17,83.8,85.94,71.17
Windward Islands,X534T376,,,,,,,,,,,,,,,,,,,,,,,,,,,,,,,,,,,,,,,,,,
Cayman Islands,X534T377,,,,,,,,,,,,,,,,,,,,,,,,,,,,,,,,,,,,,,,,,,
Windward and Cayman Islands,X534T378,,,,,,,,,,,,,,,,,,,,,,,,,,,,,,,,,,,,,,,,,,
Bahrain,X534T419,India: Exports to Bahrain (Mil.US$),22.43,18.67,24,24.97,#N/A,30.29,24.65,26.17,29.72,#N/A,38.95,49.37,46.79,49.14,59.9,61.64,65.17,64.08,58.73,59.35,74.07,78.82,93.55,108.61,134.09,183.3,185.75,234.67,294.91,243.3,618.58,660.33,611.72,668.4,474.73,653.93,475.56,493.86,712.04,606.6,457.03
Cyprus,X534T423,India: Exports to Cyprus (Mil.US$),2.87,7.1,1.14,0.7,2.43,1.16,1.78,3.25,4.53,3.7,6.04,12.35,34.28,13.48,25.89,19.82,16.8,28.7,26.53,32.85,32.53,31.35,24.71,27.02,27.54,31.65,33.15,44.26,161.67,139.77,43.26,49.58,58.11,59.92,54.92,60.1,72.57,96.37,64.74,446.12,85.5
Iran,X534T429,India: Exports to Iran (Mil.US$),134.64,140.76,71.99,128.02,115.32,84.08,38.07,93.2,88.9,#N/A,76.13,122.76,130.18,149.59,141.78,159.92,196.22,177.53,162.25,153.85,208.28,247.22,554.3,852.26,1138.84,1199.11,1385.19,1824.08,2306.96,1952.99,2519.9,2564.25,2591.33,4943.49,4413.61,3164.85,2412.89,2602.67,2854.56,3866.56,2243.73
Iraq,X534T433,India: Exports to Iraq (Mil.US$),68.55,78.48,69.72,45.28,43.85,35.52,19.82,9.52,17.88,#N/A,51.24,#N/A,0.08,4.34,0.38,0.31,2.45,8.95,30.03,46.13,75.35,157.79,212.86,110.1,115.16,149.75,191.58,254.16,451.19,473.6,693.76,667.97,1260.7,930.31,785.46,1136.72,973.32,1260.67,1855.18,2021.17,1457.96
Israel,X534T436,India: Exports to Israel (Mil.US$),12.61,7.11,15.64,20.15,11.99,13.48,18.74,35.83,49.42,55.41,60.99,64.15,74.4,124.67,141.46,184.64,219.55,317.9,354.75,463.58,479.15,392.19,582.91,701.62,923.46,1152.56,1291.44,1532.53,1645.66,1609.38,2804.56,3758.99,3815.12,3831.81,3584.5,2924.68,2913.51,3264.9,3785.73,3604.99,2599.26
Jordan,X534T439,India: Exports to Jordan (Mil.US$),7.54,10.13,5.37,6.79,3.63,4.5,13.13,4.67,6.92,10.62,22.97,101.93,61.57,65.27,59.59,67.8,79.08,71.93,68.9,64.3,75.33,78.01,96.58,138.7,127.58,170.79,180.3,312.57,551.07,257.35,377.29,744.74,1013.77,1434.41,1613.69,570.77,477.82,496.11,522.38,1054.62,613.64
Kuwait,X534T443,India: Exports to Kuwait (Mil.US$),135.76,114.58,122.83,121.94,89.49,99.93,75.46,85.01,96.12,197.82,68.76,52.38,120.37,96.83,125.34,131.18,148.95,178.1,170,156.9,187.9,198.85,239.49,301.96,382.85,490.66,589.2,664.92,846.9,734.06,1659.58,1415.97,1046.61,1050.26,1198.57,1216.73,1446.5,1370.31,1333.03,1340,1010.61
Lebanon,X534T446,India: Exports to Lebanon (Mil.US$),6.97,5.44,2.74,1.52,0.91,0.89,0.52,0.7,1.27,#N/A,1.58,8.67,8.63,7.5,8.93,15.15,18.52,24.68,26.6,31.7,43.75,41.49,47.99,57.01,64.18,70.74,68.19,89.15,128.18,136.1,155.11,206.38,251.73,281.27,302,244.47,211.94,245.52,273.91,226.52,169.27
Oman,X534T449,India: Exports to Oman (Mil.US$),43.1,47.31,46.03,43.07,48.06,49.74,42.46,48.42,65.6,94.46,56.33,74.07,84.18,78.34,80.3,98.86,122.48,111.45,116.28,129.23,141.65,150.37,186.2,243.89,257.24,373.24,574.93,860.57,872.56,981.98,903.69,1256.51,2429.42,2956.55,2359.13,1987.22,2461.36,2880.01,2286.67,2063.43,2308.35
Qatar,X534T453,India: Exports to Qatar (Mil.US$),23.4,20.73,25.15,19.44,15.74,20.02,12.57,14.83,16.72,27.37,21.72,19.14,27.08,28.58,25.59,28.66,37.95,41.73,41.4,36.75,56.6,63.81,84.33,120.36,135.01,246.86,313.36,486.24,689.46,564.99,374.61,728.2,701.25,701.15,1266.97,945.23,770.66,1185.24,1688.16,1306.28,1254.72
Saudi Arabia,X534T456,India: Exports to Saudi Arabia (Mil.US$),215.59,179.51,229.07,216.54,218.33,193.96,165.36,206.95,234.7,378.2,248.97,351.83,431.25,478.26,441.87,424.73,521.07,661.88,753.25,750.45,802.8,780.3,912.17,1077.66,1308.14,1710.34,2393.57,3426.91,5477.83,3730.49,4499.91,5645.56,8623.8,11793.24,12797.22,6944.15,5046.09,5220.63,5505.88,5969.55,6154.27
Syria,X534T463,India: Exports to Syria (Mil.US$),14.46,9.51,8.56,5.7,2.88,3.48,3.3,2.99,4.06,#N/A,9.46,18.46,23.74,28.55,25.32,29.87,45.36,54.85,57.85,60.23,71.7,92.88,115.52,181.4,236.08,270.8,375.5,606.78,387.78,338.35,448.72,564.88,351.44,205.05,217.03,138.62,124.84,146.14,160.14,159.19,123.73
UAE,X534T466,India: Exports to United Arab Emirates (Mil.US$),184.76,191.17,224.36,213.35,200.27,217.14,223.4,241.78,278.66,#N/A,454.69,737.9,479.52,725.58,1210.41,1306.31,1491.43,1638.3,1823.8,2028.93,2468.8,2550.57,3118.56,4676.05,6605,8280.81,11172.07,14728.22,24442.45,20666.7,29507.38,38772.97,36535.95,31957.06,33170.09,30315.87,30603.31,30037.9,29010.31,29924.51,17953.34
Egypt,X534T469,India: Exports to Egypt (Mil.US$),101.02,78.06,74.16,131.53,102.3,92.92,60.87,65.12,74.49,84.51,120.09,81.2,446.46,476.21,116.37,137.67,164.63,229.43,266.08,245.1,327.3,497.63,339.36,350.17,409.34,615.5,738.86,1237.42,1850.47,1290.06,1934.43,2381.12,2856,2583.11,3142.76,2348.82,2089.73,2349.83,2789.66,2660.01,2149.07
Yemen,X534T474,"India: Exports to Yemen, Rep of (Mil.US$)",#N/A,#N/A,#N/A,#N/A,#N/A,#N/A,#N/A,#N/A,#N/A,#N/A,28.35,38.11,37.44,38.25,36.77,51.77,129.74,69.03,61.65,75.98,139.25,186.16,159.75,204.1,233.14,270.71,959.17,1059.64,886.37,741.41,492.75,601.61,1215.11,1306.74,1332.32,463.79,450.39,513.26,664.51,756.59,790.75
The Occupied Territories,X534T487,India: Exports to West Bank and Gaza (Mil.US$),#N/A,#N/A,#N/A,#N/A,#N/A,#N/A,#N/A,#N/A,#N/A,#N/A,#N/A,#N/A,#N/A,#N/A,#N/A,#N/A,#N/A,#N/A,#N/A,#N/A,#N/A,#N/A,#N/A,#N/A,#N/A,#N/A,#N/A,#N/A,#N/A,#N/A,#N/A,#N/A,#N/A,#N/A,#N/A,#N/A,#N/A,#N/A,0.84,1.28,0.52
Afghanistan,X534T512,India: Exports to Afghanistan (Mil.US$),21.1,28.01,15.24,14.14,14.1,13.44,14.72,21.75,26.9,#N/A,58.78,18.03,33.63,28.67,14.51,14.69,20.44,21.58,14.9,28.1,27.73,20.85,51.67,124.29,154.4,148.36,171.96,232.07,362.27,469.21,393.5,501.67,479.93,474.98,443.05,533.47,473.57,639.1,728.71,889.64,855.24
Bangladesh,X534T513,India: Exports to Bangladesh (Mil.US$),105.52,49.01,60.18,41.97,89.97,104.19,112.59,145.48,169.99,176.23,297.11,324.56,353.18,429.62,521,959.62,832.45,807.13,943.33,726.13,860.33,1000.63,1132.54,1599.55,1624.82,1656.05,1636.98,2594.56,2969.72,2181.1,3023.64,3764.89,5017.8,5710.36,6579.88,5727.38,5711.64,7280.87,8826.53,8134.06,7912.82
Bhutan,X534T514,India: Exports to Bhutan (Mil.US$),#N/A,#N/A,#N/A,#N/A,#N/A,#N/A,#N/A,#N/A,#N/A,#N/A,#N/A,1.2,2.14,4.59,6.8,11.72,10.07,15.48,10.53,8.1,2.73,5.97,31.18,76.88,85.4,95.52,67.92,79.36,109.1,107.63,159.34,220.06,228.84,297.24,303.35,415.89,429.59,417.5,654.03,694.35,623.08
Brunei,X534T516,India: Exports to Brunei Darussalam (Mil.US$),0.02,0.08,0.03,0.05,0.37,0.09,0.04,#N/A,1.88,#N/A,0.27,0.57,0.74,0.23,1.3,4.96,6.49,3.23,3.05,1.8,2.8,2.21,4.05,4.56,4.8,33.47,16.97,9.91,18.35,24.42,21.26,895.62,33.12,36.96,42.61,30.48,37.49,48.12,66.97,56.77,60.05
Myanmar,X534T518,India: Exports to Myanmar (Mil.US$),4.77,1.95,7.23,2.53,1.44,1.73,1.04,0.86,1.31,#N/A,1.43,3.84,4.2,14.49,23.96,21.24,45.89,48.28,34.9,33.1,48.05,55.57,71.53,86,104.71,111.32,132.72,174.02,235.97,209.78,273.26,466.46,533.37,673.7,869.04,864.18,1156.35,1058.68,1234.98,961.02,837.62
Cambodia,X534T522,India: Exports to Cambodia (Mil.US$),0.79,3.18,0.14,0.02,#N/A,0.12,0.16,0.1,0.11,#N/A,1.31,0.02,0.18,0.31,1.45,1.84,1.3,2.65,5.03,7.35,7.9,10.51,17.7,18.91,17.35,22.68,45.17,53.11,54.43,41.39,61.07,88.15,110.54,122.13,153.54,145.78,109.57,120.18,178.23,203.79,144.04
Sri Lanka,X534T524,India: Exports to Sri Lanka (Mil.US$),100.62,65.23,73.41,95.96,117.4,71.28,67.12,73.56,90.28,116.56,101.52,174.53,231.35,246.82,333.58,383.39,458.38,486.25,450.13,483.75,604.9,610.19,848.46,1219.64,1345.11,1871.8,2197.85,2682.76,2880.51,1732.87,3313.93,4806.93,4193.79,4227.28,6433.18,5526.18,3910.61,4424.27,4662.49,4227.53,3224.13
Taiwan,X534T528,India: Exports to Taiwan (Mil.US$),61.59,24.74,19.84,26.57,19.33,21,49.92,75.09,83.23,#N/A,120.9,196.77,184.5,230.17,261.08,250.62,311.12,408.85,331.98,313.85,372.73,371.63,523.91,543.96,573.95,626.41,842.38,1529.57,1813.76,1327.43,2311.46,3482.19,2947.82,2359.09,2115.02,1472.42,1847.51,2148.98,2866.54,1637.4,1497.2
Hong Kong,X534T532,India: Exports to Hong Kong (Mil.US$),165.74,61.67,185.21,185.81,161.88,153.75,280.68,347.25,456.84,826.95,545.04,615.43,721.44,1145.14,1349.92,1821.11,1764.66,1914.65,1893.45,2353.33,2608.4,2407.56,2551.58,3099.69,3553.95,4276.45,4628.26,5899.06,7039.48,6938.38,9518.15,12643.1,12148.45,13024.16,13507.65,12218.27,13225.16,15014.83,13211.83,12049.29,9537.37
India,X534T534,,,,,,,,,,,,,,,,,,,,,,,,,,,,,,,,,,,,,,,,,,
Indonesia,X534T536,India: Exports to Indonesia (Mil.US$),50.36,74.51,96.17,26.99,38.54,10.72,16.53,20.22,25.43,49.81,92.25,145.09,143.5,200.26,252.62,500.69,569.04,475.93,248.45,290.73,385.8,470.77,753.8,1053.1,1251.22,1368.3,1866.11,2126.36,2855.92,2872.53,4572.19,6860.4,6070.57,5197.41,4453.09,2953.34,3143.36,3763.72,4786.65,4518.85,4363.74
South Korea,X534T542,India: Exports to Korea (Mil.US$),64.2,42.27,61.61,83.36,74.09,73.44,83.29,106.73,123.3,282.39,163.6,241.29,196.38,230.44,278.62,394.29,503.83,480.33,347.83,434.43,457.25,452.3,601.48,734.86,913.29,1630.83,2342.85,2767.53,3820.02,3732.14,3641.06,4824.63,4142.32,4099.29,4709.02,3683.84,3552.64,4395.55,4801.22,4651.52,4516.5
Laos,X534T544,India: Exports to Lao P.D.R. (Mil.US$),0.19,0.02,#N/A,#N/A,#N/A,#N/A,#N/A,#N/A,#N/A,#N/A,0.07,0.04,0.05,0.11,0.04,0.33,0.43,0.33,0.98,1.35,5,4.05,1.97,0.72,2.07,4.77,3.15,3.47,4.35,20.65,8.23,14.63,27.46,45.52,63.47,51.57,24,23.63,37.45,29.28,27.87
Macau,X534T546,India: Exports to Macao (Mil.US$),#N/A,0.04,#N/A,#N/A,#N/A,0.01,0.02,0.02,0.03,0.57,0.09,0.34,0.41,0.25,1.52,1.44,1.97,2.75,1.45,0.83,1.03,1.32,3.11,3.96,2.36,2.37,1.83,3.75,5.59,40.85,1.19,1.72,1.05,1.43,0.92,1.72,1.78,7.38,7.45,1.24,14.1
Malaysia,X534T548,India: Exports to Malaysia (Mil.US$),67.71,48.02,52.78,57.32,66.59,59.71,64.39,69.9,84.49,138.89,125.58,202.75,221.76,232.17,250.17,355.4,457.25,500.2,363.75,415.75,567.93,778.17,755.45,856.91,970.46,1142.41,1268.7,2251.77,3145.96,3463.78,3551.32,3917.17,3788.17,5053.54,4604.96,4940.74,4198.04,5548.7,6516.8,6263.43,6194.01
Maldives,X534T556,India: Exports to Maldives (Mil.US$),2.94,0.56,2.93,1.36,1.58,0.72,1.86,2.28,3.03,#N/A,4.7,4.91,7.7,6.32,15.61,12.47,50.74,9.13,8.48,7.58,20.28,25.25,30.41,39.65,42.47,62.59,68.44,84.35,109.7,107.54,100.38,118.91,122.69,109.87,139.84,168.92,181.76,213.49,220.94,226.2,196.17
Nepal,X534T558,India: Exports to Nepal (Mil.US$),94.5,79.46,51.07,61.53,94.97,81.74,82.05,72.85,81.98,214.65,39.54,77.28,72.85,75.45,84.52,107.13,157.6,168.93,134.3,144,143.4,189.01,316.38,589.6,713.68,830.76,911.36,1361.66,1706.86,1417.25,1906.76,2686.98,3058.91,3438.62,4405.08,3310.6,4614.51,5567.22,7343.39,7101.75,5854.6
Pakistan,X534T564,India: Exports to Pakistan (Mil.US$),2.08,3.09,8.3,8.12,11.19,12.07,13.21,12.21,19.27,42.35,43.48,40.17,51.98,57.78,59.38,70.4,140.95,146.7,115.38,96.2,163.33,164.29,190.62,266.74,450.82,647.19,1184.51,1795.53,1779.27,1449.37,2250.89,1676.23,1747.34,2247.65,2181.82,2007.62,1646.06,1795.82,2362.21,1192.59,282.38
Philippines,X534T566,India: Exports to Philippines (Mil.US$),8.7,4.51,9.56,7.56,6.05,4.23,5.04,11.4,18.5,40.53,21.32,64.37,76.9,48.12,95.37,122.33,173.93,224.93,148.7,137.3,187.83,230.33,415.95,359.15,375.79,474.05,560.57,609.62,779.51,699.84,804.09,1008.14,1116.61,1367.17,1436.34,1309,1492.35,1586.02,1750.37,1634.71,1416.03
Singapore,X534T576,India: Exports to Singapore (Mil.US$),126.84,94.83,125.96,129.18,124.68,103.03,172.89,188.27,218,370.81,308.3,386.47,515.06,727.4,737.97,806.63,942.63,829.15,583.05,633.9,826,909.51,1309.26,1949.02,3377.84,5069.12,5908.02,7042.89,9112.16,6721.49,9093.86,16147.32,14692.51,13478.66,9644.91,7702.97,7571.9,11590.97,10428.27,10792.9,8295.02
Thailand,X534T578,India: Exports to Thailand (Mil.US$),46.63,41.26,29.75,45.37,27.12,21.52,38.46,59.42,84.7,131.86,201.07,198.94,242.04,317.92,374.39,461.19,434.1,369.78,326.75,417.45,509.98,595.1,691.68,801.56,849.97,1031.83,1352.09,1717.02,2168.53,1592.29,2144.92,3224.45,3455.33,3905.51,3484.62,3154.48,2962.11,3592.12,4370.93,4332.84,3777.06
East Timor,X534T579,,,,,,,,,,,,,,,,,,,,,,,,,,,,,,,,,,,,,,,,,,
Vietnam,X534T582,India: Exports to Viet Nam (Mil.US$),74.43,12.11,17.63,11.63,10.48,12.99,13.08,8.79,16.98,#N/A,8.26,12.93,18.53,22.11,42.94,97.31,127.28,124.48,125.7,147.15,208.03,216.76,307.59,392.17,497.44,657,909.62,1447.43,1999.79,1722.47,2485.12,3403,3671.46,5302.62,6508.22,5337.68,5956.33,8121.12,6710.27,5507.74,4500.55
fmr Poss India,X534T588,,,,,,,,,,,,,,,,,,,,,,,,,,,,,,,,,,,,,,,,,,
Port Poss India,X534T597,,,,,,,,,,,,,,,,,,,,,,,,,,,,,,,,,,,,,,,,,,
Djibouti,X534T611,India: Exports to Djibouti (Mil.US$),#N/A,#N/A,#N/A,#N/A,#N/A,#N/A,#N/A,#N/A,0.01,#N/A,1.73,9.44,10.9,10.1,6.6,5.49,8.02,8.65,12.18,11.58,18.5,15.29,32.12,64.61,111.39,204.93,288.32,420.19,398.9,249.58,299.41,485.04,393.89,361.99,297.12,204.9,270.93,274.82,853.13,357.3,337.35
Algeria,X534T612,India: Exports to Algeria (Mil.US$),10.91,11.47,18.3,8.96,18.55,13.27,29.49,10.15,11.58,13.15,2.62,10.76,11.89,17.72,21.54,6.76,9.7,15.55,22.73,16.95,19.35,26.77,57.44,108.31,197.81,261.34,319.71,366.64,596.35,647.64,774.21,1023.67,1013.26,1104.86,1078.07,853.41,860.69,784.47,945.57,745.15,542.73
Angola,X534T614,India: Exports to Angola (Mil.US$),1.92,0.06,#N/A,#N/A,#N/A,#N/A,#N/A,#N/A,0,#N/A,0.39,3.61,14.46,7.19,0.59,7.54,8.33,10.5,9.5,6.55,12.78,24.51,34.24,62.24,67.98,131.97,188.28,247.64,342.39,575.03,600.37,539.76,537.54,500.89,609.2,272.52,139.84,233.87,269,288.66,241.13
Botswana,X534T616,India: Exports to Botswana (Mil.US$),1.62,0.56,0.57,0.34,0.52,0.14,0.24,0.11,0.13,#N/A,1.13,#N/A,1.21,1.63,0.63,0.7,1,2.35,2.38,2.13,4.73,5.24,4.21,6.04,7.13,10.06,10.84,15.41,24.18,20.09,34.6,45.08,54.11,52.63,50.61,45.14,73.49,97.19,144.55,196.55,149.35
Burundi,X534T618,India: Exports to Burundi (Mil.US$),0.06,0.04,0.1,0.07,0.17,0.03,0.05,0.49,0.4,#N/A,0.68,1.38,0.95,1.76,4.92,10.91,10.43,2.03,1.1,1.43,2.62,3.19,4.03,5.25,6.74,9.86,8.63,8.01,11.74,11.25,17.24,21.34,32.03,30.46,30.76,29.87,30.25,44.57,42.66,56.68,64.24
Cameroon,X534T622,India: Exports to Cameroon (Mil.US$),3.29,1.75,1.12,0.93,0.4,0.66,1.6,1.47,1.47,2.27,1.24,4.4,8.81,2.85,1.45,5.35,4.92,6.1,8.38,6.85,8.88,11.89,19.25,22.72,25.11,32.7,70.92,75.2,95.04,67.69,113.16,163.64,237.99,288.46,230.81,213.89,153.73,192.34,164.75,216.01,253.9
Cape Verde,X534T624,India: Exports to Cabo Verde (Mil.US$),0.06,#N/A,#N/A,#N/A,#N/A,#N/A,#N/A,#N/A,#N/A,#N/A,#N/A,0.01,#N/A,#N/A,0.01,#N/A,0.01,#N/A,0.08,0.03,#N/A,0.1,0.11,0.07,0.45,0.26,0.2,0.37,0.36,0.59,0.53,0.56,0.93,0.84,4.25,1.46,1.38,1.39,1.49,2.19,3.25
CAR,X534T626,India: Exports to Cent African Republic (Mil.US$),0.12,#N/A,#N/A,#N/A,#N/A,#N/A,#N/A,#N/A,1.12,0.18,3.76,4.79,1.58,0.25,0.5,0.19,0.88,16.08,5.48,0.13,0.7,0.74,2.39,1.25,1.34,1.26,2.16,1.58,1.98,1.87,5.95,5.16,7.99,10.53,6.41,8.92,10.19,31.12,24.01,54.57,21.47
Chad,X534T628,India: Exports to Chad (Mil.US$),0.01,#N/A,#N/A,#N/A,#N/A,#N/A,#N/A,#N/A,0.03,#N/A,0.34,0.63,0.88,0.48,0.56,2.22,4.06,4.53,3.48,5.13,2.95,4.61,1.9,2.26,3.38,4.03,22.17,16.85,17.46,5.43,11.04,33.87,23.96,52.78,35.2,52.91,37.45,26.06,30.74,52.37,61.83
Comoros,X534T632,India: Exports to Comoros (Mil.US$),0.02,0.06,#N/A,#N/A,#N/A,#N/A,#N/A,#N/A,0.03,#N/A,0.21,3.26,0.09,0.47,0.23,0.89,1.38,1.08,1.38,1.43,1.17,1.88,5.38,3.06,2.31,4.43,12.93,11.18,24.13,9.21,9.38,9.97,19.13,15.64,16.51,15.94,20.43,20.12,29.34,19.39,17.32
Congo (Brazzaville),X534T634,India: Exports to Rep of Congo (Mil.US$),0.06,0.2,0.41,0.24,0.24,0.02,0.17,0.69,0.55,#N/A,0.03,0.12,0.23,0.38,0.39,0.64,0.65,10.93,20.33,22.38,35.15,37.67,49.64,59.29,79.94,107.03,130.1,147.33,210.27,195.73,203.95,361.07,222.51,207.05,225.41,207.64,146.49,116.92,128.49,113.67,106.55
Democratic Republic of Congo,X534T636,"India: Exports to Congo, Dem Rep (Mil.US$)",0.3,0.62,0.49,0.63,0.83,1,0.48,1.67,1.61,#N/A,3.03,2.13,3.69,7.25,13.83,28.26,32.02,23.78,10.88,5.45,4.6,3.49,4.14,9.44,4.9,2.23,1.41,3.44,11.77,10.39,11.16,7.02,117.92,161.72,220.62,322.37,234,209.67,277.34,355.96,357.94
Benin,X534T638,India: Exports to Benin (Mil.US$),37.14,50.66,34.2,13.34,4.81,3.87,5.47,9.34,11.23,#N/A,10.27,10.65,7.47,10.78,7.57,9.5,15.05,19.68,25.5,28.08,40.93,50.67,62.12,55.62,46.11,84.24,137.78,244.36,218.15,195.89,262.95,602.95,433.74,829.1,530.36,406.37,441.23,484.91,384.22,419.92,440.5
Equatorial Guinea,X534T642,India: Exports to Eq Guinea (Mil.US$),0.01,0.03,#N/A,#N/A,#N/A,#N/A,#N/A,#N/A,#N/A,#N/A,#N/A,#N/A,0.01,0.05,0.02,0.05,0.04,0.08,0.1,0.03,0.23,0.43,0.2,0.66,2.86,5.79,5.18,9.47,7.64,7.29,8.66,16.73,19.4,21.28,14.39,13.95,16.17,11.02,11.02,10.05,13.89
Eritrea,X534T643,India: Exports to Eritrea (Mil.US$),#N/A,#N/A,#N/A,#N/A,#N/A,#N/A,#N/A,#N/A,#N/A,#N/A,#N/A,#N/A,#N/A,#N/A,#N/A,#N/A,#N/A,#N/A,#N/A,#N/A,#N/A,#N/A,#N/A,#N/A,#N/A,8.24,7.03,84.62,21.5,7.64,44.01,22.03,29.6,15.77,14.2,7.11,4.67,7,9.59,5.78,8.68
Ethiopia,X534T644,India: Exports to Ethiopia (Mil.US$),12.56,7.31,6.37,5.53,7.38,13.57,4.49,4.96,8.43,4.29,13.93,4.46,13.01,13.9,33.32,26.67,54.46,63.78,65.48,59.18,64.28,95.3,69.18,75.82,60.36,69.93,105.51,177.19,223.23,278.32,262.06,418.67,637.26,879.15,762.37,763.98,831.71,712.58,708.52,821.97,666.7
Gabon,X534T646,India: Exports to Gabon (Mil.US$),0.01,0.34,#N/A,#N/A,#N/A,#N/A,#N/A,#N/A,#N/A,#N/A,#N/A,0.02,0.31,0.02,0.12,0.45,0.94,2.88,4.38,4.4,4.83,5.68,14.63,12.33,9.91,15.02,16.63,23.54,22.54,19.96,34.65,48.87,55.15,56.87,40.96,37.79,42.5,44.47,51.28,49.72,52.33
Gambia,X534T648,India: Exports to Gambia (Mil.US$),1.5,0.18,#N/A,#N/A,#N/A,#N/A,#N/A,#N/A,0.01,#N/A,0.31,3.05,6.65,2.6,2.23,4.2,6.87,13.6,15.38,15.85,15.55,13.17,13.94,13.76,14.01,16.32,24.85,29.58,28.42,34.03,37.72,65.47,57.27,68.28,88.49,55.81,60.72,108.33,145.98,145.41,116.36
Ghana,X534T652,India: Exports to Ghana (Mil.US$),6.73,8.74,10.53,6.47,12,7.21,4.65,4.45,5,#N/A,7.51,12.08,15.79,15.96,16.12,25.88,37.89,47,59.38,62.2,59.68,63.32,96.33,163.41,175.97,196.39,396.01,720.63,558.72,362.8,512.2,863.87,752.17,848.85,669.5,642.88,712.64,638.55,727.31,602.52,749.16
Guinea-Bissau,X534T654,India: Exports to Guinea-Bissau (Mil.US$),0.03,0.01,#N/A,#N/A,#N/A,#N/A,#N/A,#N/A,#N/A,#N/A,0.07,0.03,0.05,0.05,1.36,0.73,0.81,1.13,3.65,7.88,13.05,9.33,5.73,2.9,1.22,0.78,0.69,3.52,1.92,34.69,3.65,6.62,11.59,14.96,17.47,11.63,22.07,12.77,8.08,12.38,11.72
Guinea,X534T656,India: Exports to Guinea (Mil.US$),0.32,0.02,#N/A,#N/A,#N/A,#N/A,#N/A,#N/A,0.06,#N/A,0.34,0.98,1.61,2.26,2.54,7.48,2.64,5.53,6.48,8.75,12.43,18.09,31.93,34.93,45.73,52.02,73.11,117.9,88.98,74.7,79.3,129.45,187.75,200.25,257.86,277.95,331.32,366.17,406.71,351.9,454.01
Côte d'Ivoire,X534T662,India: Exports to Cote d'Ivoire (Mil.US$),1.55,9.98,#N/A,#N/A,#N/A,#N/A,#N/A,#N/A,0.75,#N/A,1.97,5.68,3.24,2.91,3.94,29.38,20.04,14.03,52.88,42.4,43.05,50.18,49.88,85.82,98.93,104.86,132.78,229.42,114.12,109.6,109.71,186.17,422.42,325.91,288.23,384.75,382.49,538.29,440.74,428.54,499.08
Kenya,X534T664,India: Exports to Kenya (Mil.US$),40.13,29.1,22.72,11.06,20.31,25.56,27.22,25,30.39,45.17,37.6,41.82,52.48,60.49,93.64,233.22,187.58,135.05,139.88,123.83,134.85,153.13,191.69,223.01,368.47,539.06,1130.76,1512.92,1624.68,1350.92,1997.73,2132.64,3789.56,3603.02,4477.17,3051.01,2428.73,1821.08,2126.61,1933.49,1985.8
Lesotho,X534T666,India: Exports to Lesotho (Mil.US$),0.77,0.79,0.58,0.13,0.35,0.45,0.02,0.04,0.03,#N/A,0,#N/A,2.74,3.81,0.35,0.09,0.14,0.18,0.13,0.18,0.13,0.14,2.89,5.12,9.77,12.93,7.29,7.76,34.2,12.34,18.22,20.52,18.06,25.39,39.78,32.97,28.99,32.62,32.3,41.75,40.1
Liberia,X534T668,India: Exports to Liberia (Mil.US$),1.89,1.81,1.84,1.13,2.38,1.49,1.2,2.17,3.16,#N/A,4.63,11.08,6.57,16.98,4.86,12.87,8.34,9.08,4.78,10.05,11.55,6.23,7.7,13.21,17.04,20.44,23.38,23.25,27.57,28.5,38.39,68.32,114.13,179.56,261.46,160.25,126.79,253.3,182.24,223.58,216.64
Libya,X534T672,India: Exports to Libya (Mil.US$),28.74,4.17,9.05,4.69,10.93,20.69,2.14,6.6,6.77,#N/A,3.24,9.66,3.76,12.2,3.16,6.37,28.98,35.48,27.9,22.8,11.65,8.36,15.57,18.46,132.41,120.85,90.49,123.11,111.86,208.04,163.41,53.03,183.34,293.56,196.34,122.74,126,119.12,133.7,199.02,142.33
Madagascar,X534T674,India: Exports to Madagascar (Mil.US$),0.23,0.01,0.5,0.36,0.01,0.12,0.07,0.55,0.92,#N/A,2.56,1.9,2.21,3.42,3.68,6.82,3.53,6.85,9.33,9.38,10.4,12.87,14.27,33.02,35.09,41.02,44.89,54.28,249.15,86.31,64.38,119.78,155.8,212.38,196.68,194.52,147.57,265.99,215.79,301.43,312.24
Malawi,X534T676,India: Exports to Malawi (Mil.US$),2.43,3.03,5.66,0.99,0.55,1.35,0.48,0.37,1.39,#N/A,1.81,5.89,8.73,10.4,13.76,11.25,13.43,12.18,10.35,17.7,19,21.23,28.23,36.36,52.22,47.29,42.86,58.8,90.33,86.64,91.81,137.31,130.94,201.7,243.1,177.95,173.59,223.78,177.04,192.29,151.81
Mali,X534T678,India: Exports to Mali (Mil.US$),0.21,0.14,#N/A,#N/A,#N/A,#N/A,#N/A,#N/A,0.3,#N/A,4.02,3.86,5.39,3.77,4.17,8.26,17.4,9.95,16.1,15.58,16.17,29.08,25.14,38.52,26.94,26.35,54.86,40.15,34.83,39.2,49.52,102.41,79.5,114.79,131.53,105.64,103,123.19,129.17,142.73,168.22
Mauritania,X534T682,India: Exports to Mauritania (Mil.US$),3.04,2.36,1.91,2.7,1.94,1.52,0.98,0.64,0.58,#N/A,0.2,2.85,4.28,3.38,1.74,1.56,0.77,3.25,4.88,8.23,12.58,18.98,20.35,18.66,22.26,40.03,27.57,27.02,34.69,30.19,31.59,44.44,40.52,55.78,59.75,58.02,64.63,67.49,116.09,89.17,82.13
Mauritius,X534T684,India: Exports to Mauritius (Mil.US$),14.19,14.57,11.92,7.75,12.06,11.73,15.16,25.95,28.86,#N/A,44.04,53.45,63.96,76.23,106.01,135.13,154.21,175.78,165.98,168.38,192.48,168.22,164,193.36,236.89,214.13,602.26,998.66,1212.13,385.41,686.62,1296.34,1365.9,924.1,1443.84,936.46,652.9,788.85,970.47,782.05,398.51
Morocco,X534T686,India: Exports to Morocco (Mil.US$),5.54,5.87,4.24,22.56,2.53,7.45,8.2,7.9,9.46,15.6,9.6,10.83,16.52,16.74,12.42,21.05,28.11,27.75,28.38,26.75,36.63,49.74,109.22,97.57,103.28,123.75,155.1,197.08,258.52,228.75,293.44,386.23,412.6,404.3,343.16,328.56,369.18,413.68,481.32,935.95,555.6
Mozambique,X534T688,India: Exports to Mozambique (Mil.US$),#N/A,#N/A,#N/A,#N/A,#N/A,#N/A,#N/A,#N/A,1.04,#N/A,6.83,7.63,14.25,24.04,15.5,28.72,24.75,27.5,24.58,29.63,31.98,30.86,42.73,63.53,76.14,115.98,175.68,382.29,454.85,338.22,495.89,575.59,881.94,1327.63,1875.48,1402.64,875.53,1051.28,804.99,2133.5,1444.43
Niger,X534T692,India: Exports to Niger (Mil.US$),0.37,0.85,#N/A,#N/A,#N/A,#N/A,#N/A,#N/A,0.01,#N/A,0.09,0.29,0.32,0.37,0.85,2.41,5.33,5.83,10.38,12.68,22.88,40.32,48.6,40.74,35.98,26.76,16.31,39.17,27.89,31.2,42.73,89.23,56.31,83.51,83.11,65.95,81.48,116.64,99.22,85.77,69.63
Nigeria,X534T694,India: Exports to Nigeria (Mil.US$),68.18,70.25,67.72,38.74,30.88,11.92,25.48,35.03,44.79,#N/A,62.68,103.88,148.02,121.47,112.81,138.58,143.88,198.23,239.95,282.3,361.95,504.93,477.6,536.39,600.97,816.69,896.12,1038.38,1505.26,1396.48,1925.42,2653.26,2821.35,2613.83,2873.62,2286.47,1743.77,2066.23,2741.52,3675.8,2953.86
Reunion,X534T696,,,,,,,,,,,,,,,,,,,,,,,,,,,,,,,,,,,,,,,,,,
Zimbabwe,X534T698,India: Exports to Zimbabwe (Mil.US$),0.04,0.65,2.57,2.26,0.56,2.44,2.76,4.1,4.69,6.29,9.03,6.59,2.98,6.05,7.01,14.56,19.63,23.2,23.68,19.78,15.95,11.06,15,21.59,23.02,23.86,29.94,31.9,60.93,36.78,79.61,145.42,133.27,178.17,197.77,235.62,116.83,154.68,188.64,157.57,166.83
Rwanda,X534T714,India: Exports to Rwanda (Mil.US$),0.18,0.37,0.39,0.1,0.9,0.14,0.38,0.9,0.89,#N/A,0.64,0.71,2.09,1.62,1.95,0.61,3.67,5.95,4.68,3.63,3.35,3.97,5.63,5.33,6.68,10.07,12.97,13.12,25.18,24.45,34.59,40.65,70.13,87.59,134.9,125.06,87.52,91.55,130.32,128.63,124.24
São Tomé and Príncipe,X534T716,India: Exports to Sao Tome & Principe (Mil.US$),#N/A,#N/A,#N/A,#N/A,#N/A,#N/A,#N/A,#N/A,#N/A,#N/A,#N/A,#N/A,0.01,0.04,0.03,1.08,0.03,0.15,0.13,0.03,#N/A,0.02,0.26,1.41,0.52,0.33,0.75,1.33,1.03,1.26,0.74,1.27,0.86,0.64,1.67,1,0.84,0.96,0.99,1.71,1.21
Seychelles,X534T718,India: Exports to Seychelles (Mil.US$),2.07,3.75,3.32,2.13,1.46,1.04,0.75,0.89,0.87,4.54,1.59,0.98,1.71,3.91,1.23,2.86,5.34,5.45,8.05,6,7.13,5.9,6.07,9.1,10.1,10.62,12.34,57.04,98.87,19.44,29.58,32.84,31.12,57.23,37.52,31.45,37.79,37.76,80.45,51.82,78.37
Senegal,X534T722,India: Exports to Senegal (Mil.US$),0.26,0.57,0.87,1.35,0.57,0.53,2.15,2.9,2.93,2.41,1.82,2.12,5.75,2.09,2.76,32.06,23.33,26.95,32.9,23.63,22.88,22.61,44.27,32.89,57.05,87.43,137.57,186.51,137.65,170.15,209.17,287.96,496.97,467.33,478.7,522.92,592.2,734.65,666.31,484.12,578.19
Sierra Leone,X534T724,India: Exports to Sierra Leone (Mil.US$),1.91,9.77,1.42,0.42,0.62,0.7,0.15,0.22,0.27,#N/A,0.53,1.85,2.93,2.94,3.88,22.06,4.3,2.23,1.8,2.98,3.98,13.03,12.56,12.32,12.51,17.18,20.22,27.78,49.77,34.14,43.91,79.86,154.7,130.13,83.68,95.91,80.72,98.8,106.43,126.68,124.67
Somalia,X534T726,India: Exports to Somalia (Mil.US$),9.44,1.37,1.47,2.56,2.18,4.32,3.91,3.53,3.34,#N/A,1.26,0.55,0.68,1.15,0.28,4.71,24.66,24.63,31.78,15.3,7.4,10.49,18.71,35.07,45.09,41.52,74.46,112.6,102.49,18.08,71.54,201.9,198.62,168.15,335.29,418.9,505.88,467.63,437.27,614.46,543.96
British Somaliland,X534T727,,,,,,,,,,,,,,,,,,,,,,,,,,,,,,,,,,,,,,,,,,
Namibia,X534T728,India: Exports to Namibia (Mil.US$),0.32,0.14,#N/A,#N/A,#N/A,#N/A,#N/A,#N/A,0.04,#N/A,0.09,#N/A,1.63,1.91,2.45,1.54,1.01,1.5,10.7,5.75,3.25,9.54,6.2,7.01,7.13,12.79,17.53,35.39,96.65,55.43,63.7,66.06,57.02,207.31,115.78,68.06,72.09,66.99,48.05,108.2,46.8
Sudan,X534T732,India: Exports to Sudan (Mil.US$),53.48,36.11,25.36,35.46,15.66,17.18,9.14,14.35,15.9,#N/A,16.44,15.84,17.39,12.92,13.87,28.88,25.59,40.18,52.4,67.38,#N/A,#N/A,#N/A,#N/A,#N/A,#N/A,#N/A,#N/A,494.97,449.71,488.23,721.68,734.78,783.84,880.39,823.51,753.91,846.92,792.13,1076.66,1046.64
Swaziland,X534T734,India: Exports to eSwatini (Mil.US$),3.9,6.71,10.23,10.96,9.94,5.42,1.28,1.08,1.37,#N/A,1.59,#N/A,2.69,3.78,3.41,2.28,7.52,1.63,0.75,0.98,1.4,1.27,10.04,25.03,23.9,9.5,4.85,8.94,15,40.17,27.09,87.55,45.72,26.37,26.35,67.14,38.95,33.14,22.03,17.79,26.41
Tanzania,X534T738,India: Exports to Tanzania (Mil.US$),33.54,27.42,21.66,17.71,12.58,11.73,12.54,17.01,20.97,#N/A,27.11,48.13,74.5,63.07,68.97,70.75,70.8,68.58,81.28,82.85,97,87.66,109.29,160.7,170.21,226.06,277.48,512.69,1075.2,886.56,1124.86,1795.81,1596.63,3187.02,3460.12,1672.05,1767.7,1567.32,1873.03,1694.9,1411.72
Togo,X534T742,India: Exports to Togo (Mil.US$),0.9,0.49,0.19,0.08,0.1,0.32,0.73,0.56,0.74,0.59,3.45,7.39,10.08,4.42,8.4,36.26,16.51,27.3,22.35,17.08,33.7,44.68,65.58,53.15,207.31,134.17,114.18,202.47,152.94,141.32,194.35,317.65,292.09,464.68,665.54,455.6,428.67,434.24,421.47,1087.6,1196.37
Tunisia,X534T744,India: Exports to Tunisia (Mil.US$),4.93,7.01,5.19,4.94,2.86,1.88,2.04,2.01,5.09,9.49,5.86,9.16,11.24,5.46,5.97,6.56,14.66,15.68,20.8,26.78,35.83,42.16,55.8,65.86,69.22,80.54,102.66,120.47,207.88,212.07,257.85,258.41,296.9,285.27,268.34,213.8,248.19,266.38,308.56,269.73,241.55
Uganda,X534T746,India: Exports to Uganda (Mil.US$),20.26,15.19,26.22,35.43,4.95,9.07,31.74,18.49,17.45,#N/A,11.9,12.65,19.23,28.07,32.59,35.03,34.99,41.38,44.6,40.53,43.68,54.75,63.3,82.27,76.82,88.48,103.73,142.09,203.89,207.31,248.36,429.15,451.55,517.22,550.77,568.91,523.81,507.19,561.99,633.61,656.9
Burkina Faso,X534T748,India: Exports to Burkina Faso (Mil.US$),0.02,0.08,#N/A,#N/A,#N/A,#N/A,#N/A,#N/A,0.09,#N/A,0.19,0.81,0.73,0.7,0.48,1.45,1.25,1.28,3.83,4.48,6.13,7.84,14.56,21.84,20.58,20.22,16.23,27.98,53.28,37.49,36.64,77.74,79.71,104.1,113.99,98.97,120.06,140.83,166.54,169.28,189.31
Zambia,X534T754,India: Exports to Zambia (Mil.US$),34.55,21.59,17.14,13.45,10.65,5.75,3.97,3.11,9.67,#N/A,21.01,27.3,31.04,23.48,31.48,33.71,31.12,27.98,19.63,21.8,22.7,24.66,29.64,37.63,46.19,62.49,97.91,126.24,110.89,84.05,97.88,191.64,232.93,344.98,380.55,334.34,235.85,257.63,329.07,268.03,250.77
Spanish Sahara,X534T798,,,,,,,,,,,,,,,,,,,,,,,,,,,,,,,,,,,,,,,,,,
Solomon Islands,X534T813,India: Exports to Solomon Islands (Mil.US$),0.04,0.03,#N/A,#N/A,#N/A,#N/A,#N/A,#N/A,#N/A,0.05,0,0.01,0.12,0.22,0.26,0.46,0.78,0.8,1.18,0.7,0.5,0.25,0.29,4.65,1.72,0.23,0.28,20.98,29,1.05,0.67,1.14,1.27,6.85,2.23,5.02,3.23,1.33,1.53,2.99,1.54
Faeroe Islands,X534T816,India: Exports to Faroe Islands (Mil.US$),0.02,0.02,0.1,0.07,0.07,0.19,0.05,#N/A,#N/A,0.61,#N/A,#N/A,#N/A,0.02,0.02,0.04,0.03,0.25,0.08,0.08,0.02,0.05,0.05,0.39,0.23,0.2,0.3,0.26,0.12,0.11,0.61,0.83,1.35,3.27,2.7,1.27,0.76,0.27,1.99,1.91,0.26
Fiji,X534T819,India: Exports to Fiji (Mil.US$),3.93,4.34,3.77,0.38,3.09,2.97,3.77,2.52,2.04,4.72,0.01,0.05,0.06,0.04,0.12,0.13,0.3,0.48,7.33,14.48,12.5,12.76,22.61,21.67,26.17,28.94,40.58,47.29,103.21,25.95,29.18,34.84,38.85,47.98,51.44,45.76,49.27,53.44,59.68,57.6,44.34
Gibraltar,X534T823,India: Exports to Gibraltar (Mil.US$),0.99,0.36,1.69,0.63,0.18,0.11,0.24,0.86,0.89,#N/A,1.02,0.99,0.98,0.67,0.11,0.13,0.17,0.13,0.1,0.48,0.53,0.35,1.13,0.91,0.67,0.42,13.15,5.32,9.53,293.3,425.09,301.8,71.31,0.5,568.93,962.29,1211.34,162.19,313.27,974.02,263.47
Kiribati,X534T826,India: Exports to Kiribati (Mil.US$),#N/A,#N/A,#N/A,#N/A,#N/A,#N/A,#N/A,#N/A,#N/A,0.03,0.01,#N/A,0,0.02,0.07,0.03,0.05,0.15,0.1,0.03,0.08,0.12,0.37,0.15,0.31,0.16,2.54,0.97,2.06,0.26,0.16,0.22,1.36,0.75,0.88,1.16,0.6,0.48,0.37,0.4,0.54
Guam,X534T829,India: Exports to Guam (Mil.US$),0.03,0.01,#N/A,#N/A,#N/A,#N/A,#N/A,#N/A,0.04,#N/A,0,0.01,0.01,0.06,1.51,0.12,0.17,0.13,0.1,0.1,0.25,0.78,0.41,0.82,0.5,0.36,2.1,1.11,0.5,0.61,1.72,1.44,1.36,0.55,0.24,0.45,0.51,0.75,0.57,0.89,0.91
Nauru,X534T836,India: Exports to Nauru (Mil.US$),#N/A,#N/A,#N/A,#N/A,#N/A,#N/A,#N/A,#N/A,0,#N/A,0.16,#N/A,0.01,0.27,0.04,0.28,0.18,0.4,0.53,0.3,0.05,0.16,0.08,0.09,0.04,0.01,0.02,0.06,0.17,0.05,0.15,0.05,0.16,0.17,0.02,0.01,#N/A,3.85,0.47,0.21,0.07
New Caledonia,X534T839,India: Exports to New Caledonia (Mil.US$),0.02,#N/A,0.13,0.01,0.11,#N/A,0.02,0.01,0.03,#N/A,0.2,0.17,0.22,0.04,0.08,0.08,0.03,0.55,0.33,0.28,0.6,0.68,0.77,1.63,1.09,1.1,2.73,2.49,4.7,2.75,8.28,46.75,32.27,7.47,12.67,5.6,7.22,10.6,7.93,14.47,11.71
Vanuatu,X534T846,India: Exports to Vanuatu (Mil.US$),#N/A,0.15,#N/A,#N/A,#N/A,#N/A,#N/A,#N/A,#N/A,#N/A,0.04,1.49,0.3,0.16,0.06,0.1,0.07,0.18,0.28,0.23,5,6.19,0.13,0.43,1.34,1.79,2.14,2.18,2.79,4.58,2.18,2.73,3.48,2.52,2.23,2.04,2.04,2.18,2.13,2.24,2.06
Papua New Guinea,X534T853,India: Exports to Papua New Guinea (Mil.US$),0.7,0.72,0.22,0.2,0.33,0.39,0.33,0.86,0.7,2.01,0.39,0.42,0.33,0.93,1.13,1.15,1.4,2.05,3.15,4.9,4.73,4.18,6.37,4.79,11.46,10.48,10.36,13.73,22.31,16.07,21.19,32.51,30.74,40.93,52.44,39.58,39.4,36.67,46.53,57.03,55.7
St Helena,X534T856,,,,,,,,,,,,,,,,,,,,,,,,,,,,,,,,,,,,,,,,,,
Wallis-Futuna,X534T857,,,,,,,,,,,,,,,,,,,,,,,,,,,,,,,,,,,,,,,,,,
American Samoa,X534T859,India: Exports to American Samoa (Mil.US$),0.04,0.01,#N/A,#N/A,#N/A,#N/A,#N/A,#N/A,0.04,#N/A,0.03,0.07,0.05,0.11,0.03,2.07,0.12,0.1,0.18,0.5,0.68,0.73,0.28,0.28,0.97,0.54,0.28,0.22,0.21,0.08,0.22,2.03,0.27,0.17,0.04,0.3,0.02,0.33,0.02,0.13,0.47
Wake Islands,X534T861,,,,,,,,,,,,,,,,,,,,,,,,,,,,,,,,,,,,,,,,,,
Samoa,X534T862,India: Exports to Samoa (Mil.US$),#N/A,#N/A,#N/A,#N/A,#N/A,#N/A,#N/A,#N/A,#N/A,#N/A,0.01,#N/A,0.22,0.08,0.1,1.47,1.89,0.53,0.63,0.85,0.98,0.56,0.66,0.47,0.3,0.34,0.25,0.37,0.55,0.79,1.45,2.68,1.43,3.93,3.7,1.6,2.29,2.08,2.74,4.56,2.08
Tonga,X534T866,India: Exports to Tonga (Mil.US$),#N/A,0.03,#N/A,#N/A,#N/A,#N/A,#N/A,#N/A,0,0,0.03,0.01,0.06,0.04,0.45,0.03,0.41,0.4,0.25,0.2,0.28,0.3,0.29,0.79,0.75,0.51,0.49,0.38,0.3,0.16,0.76,0.85,1.02,1.7,1.11,1.04,0.87,1.35,0.6,0.56,0.64
Tuvalu,X534T869,India: Exports to Tuvalu (Mil.US$),#N/A,#N/A,#N/A,#N/A,#N/A,#N/A,#N/A,#N/A,#N/A,#N/A,#N/A,0,#N/A,#N/A,0,#N/A,0.04,#N/A,#N/A,#N/A,#N/A,0.82,0.22,0.03,0.15,0.15,0.11,4.91,6.91,0.21,0.12,0,0.02,0.03,0.07,0.06,0.06,#N/A,#N/A,#N/A,0
US Poss in Oceania,X534T877,,,,,,,,,,,,,,,,,,,,,,,,,,,,,,,,,,,,,,,,,,
Antartica,X534T886,,,,,,,,,,,,,,,,,,,,,,,,,,,,,,,,,,,,,,,,,,
Armenia,X534T911,India: Exports to Armenia (Mil.US$),#N/A,#N/A,#N/A,#N/A,#N/A,#N/A,#N/A,#N/A,#N/A,#N/A,#N/A,#N/A,#N/A,0,#N/A,0.05,0.22,0.88,0.4,0.58,1.22,1.81,2.22,3.27,6.01,7.21,8.28,17.04,22.38,16.64,17.03,33.38,42.3,56.95,95.65,37.5,31.7,32.94,26.98,38.16,45.23
Azerbaijan,X534T912,India: Exports to Azerbaijan (Mil.US$),#N/A,#N/A,#N/A,#N/A,#N/A,#N/A,#N/A,#N/A,#N/A,#N/A,#N/A,#N/A,#N/A,0.04,0.07,0.14,0.25,2.3,3.73,6.48,10.6,11.5,9.15,11.37,22.78,29.3,25.61,25.45,31.53,33.33,28.28,55.96,91.84,115.42,112.21,60.11,31.55,41.49,37.06,54.51,45.89
Belarus,X534T913,India: Exports to Belarus (Mil.US$),#N/A,#N/A,#N/A,#N/A,#N/A,#N/A,#N/A,#N/A,#N/A,#N/A,#N/A,#N/A,#N/A,0.47,1.18,1.11,31.06,9.5,2.1,2.2,3.67,2.41,4.97,6.34,9.15,11.82,13.84,19.48,36.69,35.79,29.89,120.97,56.43,50.84,51.21,34.36,41.85,44.88,55.78,56.08,58.92
Albania,X534T914,India: Exports to Albania (Mil.US$),#N/A,#N/A,#N/A,#N/A,#N/A,#N/A,#N/A,#N/A,0.01,#N/A,0.03,#N/A,0.03,0.14,0.18,1.09,1,0.7,0.75,0.88,1.57,2.56,3.79,4.78,5.11,5.52,4.75,6.34,11.41,9.13,8.63,13.95,16.8,18.45,19.26,21.92,28.36,24.06,37.22,39.91,48.5
Georgia,X534T915,India: Exports to Georgia (Mil.US$),#N/A,#N/A,#N/A,#N/A,#N/A,#N/A,#N/A,#N/A,#N/A,#N/A,#N/A,#N/A,#N/A,0.02,0.05,0.53,0.28,1.78,0.88,1.18,2.68,5.3,16.21,30.22,27.98,32.33,39.26,79.92,106.62,42.09,66.64,119.12,117.06,98.55,98.39,73.08,95.49,74.87,103.07,90.54,98.67
Kazakhstan,X534T916,India: Exports to Kazakhstan (Mil.US$),#N/A,#N/A,#N/A,#N/A,#N/A,#N/A,#N/A,#N/A,#N/A,#N/A,#N/A,#N/A,#N/A,1.02,7.04,7.23,5.6,12.43,32.28,29.9,44.38,50.65,46.58,67.83,78.35,88.5,85.22,104.73,135.22,130.54,146.28,234.21,279.22,271.81,243.11,169.04,125.58,118.39,138.71,193.7,225.72
Kyrgyz Republic,X534T917,India: Exports to Kyrgyzstan (Mil.US$),#N/A,#N/A,#N/A,#N/A,#N/A,#N/A,#N/A,#N/A,#N/A,#N/A,#N/A,#N/A,#N/A,0.09,0.29,0.04,0.56,8.35,9.23,12.53,16.65,10.63,13.74,32.32,46.38,33.46,34.96,32.98,22.38,25.24,24.37,26.88,32.09,37.16,36.11,30.08,26.64,30.89,28.42,29.14,36.73
Bulgaria,X534T918,India: Exports to Bulgaria (Mil.US$),13.73,15.37,17.91,27.59,24.7,31.48,31.14,40.63,39.09,#N/A,6.75,1.41,3.66,3.78,7.19,5.72,6,8.45,9.23,7.8,10.45,9.83,10.26,21.69,24.29,24.24,36.17,63.5,78.75,48.94,60.77,108.48,139.86,178.71,230.35,188.25,230.39,153.37,193.5,165.75,149.79
Moldova,X534T921,India: Exports to Moldova (Mil.US$),#N/A,#N/A,#N/A,#N/A,#N/A,#N/A,#N/A,#N/A,#N/A,#N/A,#N/A,#N/A,#N/A,0.15,1.66,0.15,0.32,0.63,0.93,0.85,0.88,1.84,2.37,3.91,5.25,5.47,5.5,6.93,7.04,6.58,6.83,8.3,7.77,10.22,9.8,8.07,6.37,7.17,8.31,9.6,9.08
Russia,X534T922,India: Exports to Russia (Mil.US$),#N/A,#N/A,#N/A,#N/A,#N/A,#N/A,#N/A,#N/A,#N/A,#N/A,#N/A,#N/A,456.52,556.43,733.3,1031.32,777.89,917.55,770.3,888.28,903.73,815.61,727.55,711.31,626.51,707.67,860.45,930.53,1159.61,914,1390.5,1800.19,2128.9,2213.08,2215.66,1610.85,1814.45,2141.41,2332.13,2868.29,2559.26
Tajikistan,X534T923,India: Exports to Tajikistan (Mil.US$),#N/A,#N/A,#N/A,#N/A,#N/A,#N/A,#N/A,#N/A,#N/A,#N/A,#N/A,#N/A,#N/A,0.66,0.54,4.85,0.08,1,0.65,1.93,3.3,1.71,6.79,5.51,5.81,6.33,7.15,11.17,16.56,15.8,16.44,20.72,28.87,45.02,59.98,31.64,19.71,24.39,20.51,24.56,44.83
China,X534T924,India: Exports to P.R. China (Mil.US$),28.55,50.08,27.01,9.11,10.85,21.45,8.13,8.29,23.13,143.11,18.02,48.27,94.13,286.13,214.55,282.92,542.48,692.2,499.9,511.05,758.22,915.57,1719.6,2710.18,4178.48,6473.3,7910.25,10195.07,10536.51,10154.95,17518.98,19113.15,14904,14516.98,13251.99,9689.94,8946.78,12520.12,16397.29,17271.26,19008.27
Turkmenistan,X534T925,India: Exports to Turkmenistan (Mil.US$),#N/A,#N/A,#N/A,#N/A,#N/A,#N/A,#N/A,#N/A,#N/A,#N/A,#N/A,#N/A,#N/A,1.51,0.2,1.2,1.19,1.63,1.85,4.68,3.43,4.12,8.81,16.98,15.76,17.94,30.08,35.5,39.66,35.75,28.88,39.4,70.26,52.46,100.54,80.72,57.28,59.64,41.7,37.34,44.3
Ukraine,X534T926,India: Exports to Ukraine (Mil.US$),#N/A,#N/A,#N/A,#N/A,#N/A,#N/A,#N/A,#N/A,#N/A,#N/A,#N/A,#N/A,#N/A,83.73,59.81,65.8,45.09,56.78,40.98,40.4,63.7,76.36,90.53,106.12,179.07,245.57,281.78,371.36,438.46,255.9,784.99,502.01,516.67,479.63,406.18,251.64,291.19,330.57,400.46,457.34,438.25
Uzbekistan,X534T927,India: Exports to Uzbekistan (Mil.US$),#N/A,#N/A,#N/A,#N/A,#N/A,#N/A,#N/A,#N/A,#N/A,#N/A,#N/A,#N/A,#N/A,1.31,4.31,5.73,8.34,15.23,14,10.63,9.53,7.13,5.44,12.63,18.53,23.67,28.37,37.64,44.08,50.75,56.73,86.29,109.55,112.81,168.96,110.67,90.73,130.67,193.37,193.51,260.76
Cuba,X534T928,India: Exports to Cuba (Mil.US$),6.46,0.51,0.12,0.79,2.17,4.89,2.68,2.68,8.88,#N/A,10.72,1.08,1.73,0.32,0.34,0.23,0.31,0.68,2.63,3,4.33,5.23,5.08,4.91,6.42,10.8,23.12,21.06,36.95,22.2,23.84,38.28,35.16,36.38,36.31,52.73,39.24,45.69,38.15,51.21,20.14
Czech Republic,X534T935,India: Exports to Czech Republic (Mil.US$),#N/A,#N/A,#N/A,#N/A,#N/A,#N/A,#N/A,#N/A,#N/A,#N/A,#N/A,#N/A,#N/A,59.05,19.98,25.95,29.76,#N/A,#N/A,#N/A,#N/A,40.1,#N/A,64.08,#N/A,94.65,101.02,160.81,186.12,167.12,198.64,259.44,258.35,358.56,398.04,470.66,534.85,393.52,414.06,467.4,495.89
Slovakia,X534T936,India: Exports to Slovakia (Mil.US$),#N/A,#N/A,#N/A,#N/A,#N/A,#N/A,#N/A,#N/A,#N/A,#N/A,#N/A,#N/A,#N/A,3.86,3.06,3.71,2.72,#N/A,#N/A,#N/A,#N/A,9.39,10.41,15.39,21.14,22.02,32.38,44.79,37.65,34.39,47.29,88.87,102.86,105.62,129.87,138.34,141.61,149.71,147.63,139.75,148.95
Estonia,X534T939,India: Exports to Estonia (Mil.US$),#N/A,#N/A,#N/A,#N/A,#N/A,#N/A,#N/A,#N/A,#N/A,#N/A,#N/A,#N/A,#N/A,0.84,2.72,2.06,2.85,2.95,4.7,6.2,4.1,3.38,4.21,5.57,8.53,12.96,24.53,59.35,48.56,32.45,45.35,98.4,103.28,79.89,68.6,70.1,85.74,87.27,64.18,71.78,51.09
Latvia,X534T941,India: Exports to Latvia (Mil.US$),#N/A,#N/A,#N/A,#N/A,#N/A,#N/A,#N/A,#N/A,#N/A,#N/A,#N/A,#N/A,#N/A,1.43,4.11,6.92,3.8,6.05,8.8,12.13,13.53,8.94,8.17,14.46,15.86,25.65,36.95,54.51,48.86,37.19,101.68,93.23,100.81,101.13,104.16,83.83,96.58,119.57,117.95,123.64,98.64
Hungary,X534T944,India: Exports to Hungary (Mil.US$),17.79,16.93,16.25,17.47,18.28,17.21,30.94,31.25,37.85,#N/A,41.31,41.72,25.68,23.37,18.38,19.69,30.36,34.45,35.53,32.65,39.95,41.81,47.87,80.97,100.77,90.14,98.69,198.13,443.89,281.77,197.48,305.53,327.45,337.24,352.63,345.44,389.05,400.28,440.37,443.21,456.95
Lithuania,X534T946,India: Exports to Lithuania (Mil.US$),#N/A,#N/A,#N/A,#N/A,#N/A,#N/A,#N/A,#N/A,#N/A,#N/A,#N/A,#N/A,#N/A,0.2,1.27,0.88,2.07,2.7,3.3,8.18,8.95,7.19,9.17,15.97,26.61,32.73,38.8,54.44,64.59,53.91,84.62,95.87,154.18,124.62,115.56,84.1,96.24,103.3,120.68,118.12,134.07
Mongolia,X534T948,India: Exports to Mongolia (Mil.US$),0.01,#N/A,#N/A,#N/A,#N/A,#N/A,#N/A,#N/A,0.01,#N/A,0.07,0.86,2.28,0.98,0.73,0.73,2.29,0.93,1.53,2.15,1.62,0.96,0.67,0.78,1.36,1.21,2.06,6.27,21.31,3.67,19.63,18.79,42.06,15.74,7.93,8.26,9.78,13.84,28.49,15.27,15.07
North Korea,X534T954,India: Exports to North Korea (Mil.US$),36.11,4.04,12.18,11.94,6.93,3.31,9.92,23.18,25.91,#N/A,15.23,48.58,17.43,18.74,37.42,46.87,24.06,35.65,23.65,55.15,144.75,170.81,177.37,164.84,131.18,71.88,92.76,664.26,1048.05,315.36,429.59,169.86,259.7,211.61,75.28,109.55,54.19,59.43,31.03,10.39,4.34
Croatia,X534T960,India: Exports to Croatia (Mil.US$),#N/A,#N/A,#N/A,#N/A,#N/A,#N/A,#N/A,#N/A,#N/A,#N/A,#N/A,#N/A,#N/A,2.72,4.82,7,4.6,#N/A,#N/A,#N/A,#N/A,4.3,8.85,15.02,20.66,27.47,48.27,67.99,87.51,85.42,88.93,122.08,114.32,136.25,191,116.59,117.94,167.19,150.24,144.98,137.44
Slovenia,X534T961,India: Exports to Slovenia (Mil.US$),#N/A,#N/A,#N/A,#N/A,#N/A,#N/A,#N/A,#N/A,#N/A,#N/A,#N/A,#N/A,#N/A,3.78,4.02,3.3,5.91,#N/A,#N/A,#N/A,#N/A,29.35,25.25,33.15,55.7,73.29,85.77,111.77,160.78,194.8,148.06,233.41,272.74,222.54,230.84,237.88,290.98,263.87,305.08,334.11,323.29
Macedonia,X534T962,India: Exports to North Macedonia (Mil.US$),#N/A,#N/A,#N/A,#N/A,#N/A,#N/A,#N/A,#N/A,#N/A,#N/A,#N/A,#N/A,#N/A,#N/A,#N/A,0.04,0.66,#N/A,#N/A,#N/A,#N/A,1.19,1.23,1.56,2.29,3.6,5.26,7.66,10.02,6.4,8.26,8.36,9.03,10.72,13.38,13.85,14.41,15.59,19.86,21.96,20.45
Bosnia and Hercegovina,X534T963,India: Exports to Bosnia & Herzegovina (Mil.US$),#N/A,#N/A,#N/A,#N/A,#N/A,#N/A,#N/A,#N/A,#N/A,#N/A,#N/A,#N/A,#N/A,0.02,#N/A,#N/A,0.11,#N/A,#N/A,#N/A,#N/A,1.06,2.08,3.07,2.88,1.68,3.06,4.68,5.18,3.64,2.41,4.98,6.29,9.75,18.1,17.85,16.66,13.27,17.22,15.87,14.06
Poland,X534T964,India: Exports to Poland (Mil.US$),68.12,49.25,79.97,69.24,75.85,62.02,76.53,128.35,145.73,101.93,75.97,80.59,72.21,55.64,59.53,72.47,81.11,84.98,91.78,92.05,87.58,108.26,106.31,127.07,158.75,214.29,286.44,411.81,553.64,390.37,619.16,771.93,772.13,938.85,1088.05,999.6,1141.77,1468.64,1548,1575.14,1487.5
Yugoslavia,X534T965,India: Exports to Serbia/Montenegro [DISC] (Mil.US$),#N/A,#N/A,#N/A,#N/A,#N/A,#N/A,#N/A,#N/A,#N/A,#N/A,#N/A,#N/A,#N/A,#N/A,#N/A,#N/A,0.87,#N/A,#N/A,#N/A,#N/A,#N/A,4.84,13.77,10.97,5.5,#N/A,#N/A,#N/A,#N/A,#N/A,#N/A,#N/A,#N/A,#N/A,#N/A,#N/A,#N/A,#N/A,#N/A,#N/A
Romania,X534T968,India: Exports to Romania (Mil.US$),72.81,72.89,151.63,45.65,73.83,56.09,77.36,65.38,62.4,#N/A,66.67,12.48,4.1,18.59,14.94,29.61,24.97,15.93,17.03,13.85,12.3,12.04,23.41,42.7,91.46,89.79,148.12,239.8,442.03,417.24,327.81,345.51,265.31,291.82,426.95,253.33,255.33,345.27,445.11,392.35,322.05
Serbia,X534T942,India: Exports to Serbia (Mil.US$),#N/A,#N/A,#N/A,#N/A,#N/A,#N/A,#N/A,#N/A,#N/A,#N/A,#N/A,#N/A,#N/A,#N/A,#N/A,#N/A,#N/A,#N/A,#N/A,#N/A,#N/A,#N/A,#N/A,#N/A,#N/A,#N/A,#N/A,#N/A,#N/A,#N/A,#N/A,#N/A,#N/A,#N/A,#N/A,13.65,47.11,49.93,68.76,81.55,91.25
Montenegro,X534T943,India: Exports to Montenegro (Mil.US$),#N/A,#N/A,#N/A,#N/A,#N/A,#N/A,#N/A,#N/A,#N/A,#N/A,#N/A,#N/A,#N/A,#N/A,#N/A,#N/A,#N/A,#N/A,#N/A,#N/A,#N/A,#N/A,#N/A,#N/A,#N/A,#N/A,#N/A,#N/A,#N/A,#N/A,#N/A,#N/A,#N/A,26.37,39.65,23.1,35.87,38.56,37.55,22.06,21.16
