Imports from,1980 *y,.DESC,1980,1981,1982,1983,1984,1985,1986,1987,1988,1989,1990,1991,1992,1993,1994,1995,1996,1997,1998,1999,2000,2001,2002,2003,2004,2005,2006,2007,2008,2009,2010,2011,2012,2013,2014,2015,2016,2017,2018,2019,2020
US,M534F111,India: Imports [cif] from U.S. (Mil.US$),1865.21,1370.1,1562.23,1704.06,1481.74,1769.89,1429.76,1503.12,1855.79,2309.52,2634.84,1891.19,2258.25,2170.66,2431.74,3343.91,3186.86,3709.15,3659.6,3582.9,3152.25,3058.88,4129.41,4890.38,5981.21,8848.42,11172.88,18708.4,18628.01,16643.61,19135.63,23454.08,25141.62,23479.82,21234.25,20701.16,20574.52,24064.04,33003.03,34951.02,26615.67
UK,M534F112,India: Imports [cif] from U.K. (Mil.US$),953.53,790.71,976.21,927.44,1001.91,927.15,1176.46,1447.19,1660.22,1650.13,1664.49,1185.53,1393.09,1458.59,1470.63,1683.06,1947.86,2366.38,2577.18,2685.75,3052.78,2732.62,2723.57,3120,3382.09,3839.27,4113.43,4758.44,6250.96,3978.86,5181,7475.92,6488.51,6500.78,4785.48,5384.15,3865.69,4333.71,7047.64,6880.21,4710.85
Austria,M534F122,India: Imports [cif] from Austria (Mil.US$),34,32.82,34.5,29.6,30.56,28.25,51.1,59.68,69.49,102.7,224.36,68.85,104.27,46.44,51.64,71.76,124.19,95.85,64.98,64.85,68.63,71.78,142.61,192.31,245.57,323.6,427.71,553.04,727.4,778.54,786.4,1027.42,957.09,846.67,854.27,782.92,905.92,895.55,768.93,658.05,580.62
Belgium,M534F124,India: Imports [cif] from Belgium (Mil.US$),#N/A,#N/A,#N/A,#N/A,#N/A,#N/A,#N/A,#N/A,#N/A,#N/A,#N/A,#N/A,#N/A,#N/A,#N/A,#N/A,#N/A,2564,2824.63,3480.18,3072.83,2481.07,3474.7,3909.9,4418.69,4691.08,4287.66,4303.98,5433.96,5311.12,7461.67,10394.91,10280.79,10560.23,11293.68,8363.93,7481.6,5957.69,9489.27,9354.52,6623.54
Denmark,M534F128,India: Imports [cif] from Denmark (Mil.US$),26.32,14.32,20.21,19.46,34.24,36.65,76.01,47.66,46.04,41.93,67.22,57.72,80.29,95.46,123.78,276.73,145.24,114.53,97.48,126.48,140.72,120.91,137.67,205.04,251.08,454.51,384.11,433.19,512.39,597.16,441.84,599.19,534.04,490.43,453.45,412.94,492.96,519.62,554.25,620.27,574.42
France,M534F132,India: Imports [cif] from France (Mil.US$),329.92,251.84,340.95,343.38,321.23,459.21,515.6,585.18,630.86,490.01,718.07,579.79,636.35,613.13,488.66,696.46,781.64,790.63,739.53,719.78,661.05,763.04,1031.97,1092.23,1311.42,3562.85,4192.89,5756.05,4712.8,4113.14,3827.73,4152.08,4914.94,3904.48,3698.85,3439.66,3621.49,5859.43,4317.29,4125.69,2996.35
Germany,M534F134,India: Imports [cif] from Germany (Mil.US$),836.42,910.7,996.47,884.33,1166.67,1257.51,1365.42,1583.38,1740.68,1472.7,1835.69,1551.34,1907.09,1587.41,1899.19,2712.84,2738.36,2604.38,2237.73,1916.38,1780.1,1885.04,2310.42,2790.05,3630.87,5521.56,7165.65,9288.84,11919.84,10721.63,11471.57,15274.87,14649.82,13543.4,12704.4,11895.47,11485.2,12808.69,13988.65,12912,9684.43
Italy,M534F136,India: Imports [cif] from Italy (Mil.US$),311.06,240.46,282.75,211.02,293.46,265.14,310.86,423.31,421.53,563.04,568.56,403.68,519.08,538.1,605.98,888.23,1073.89,938.13,1046.65,823.03,726.35,724.28,785.19,1006.27,1259.84,1735,2469.74,3592.27,4769.01,3573.54,4310.88,5220.2,4783.89,4242.89,4340.31,4113.89,3843.33,4377.43,5304.72,4708.02,3695.12
Luxembourg,M534F137,India: Imports [cif] from Luxembourg (Mil.US$),#N/A,#N/A,#N/A,#N/A,#N/A,#N/A,#N/A,#N/A,#N/A,#N/A,#N/A,#N/A,#N/A,#N/A,#N/A,#N/A,#N/A,4.8,2.08,2.18,4.53,7.35,16.18,38.13,18.35,14.5,27.92,34.83,26.33,27.43,37.3,58.88,47.56,42.63,38.4,176.68,47.99,49.07,119.82,65.41,39.18
Netherlands,M534F138,India: Imports [cif] from Netherlands (Mil.US$),244.87,282.47,274.12,239.07,303.85,292.07,258.62,353.25,381.92,431.06,405.92,260.8,374.51,390.61,339.93,455.8,547.86,457.4,459.45,469.23,445.85,518.22,405.92,498.11,703.09,985.03,1129.72,1728.85,2099.04,1862.97,2031.43,2184.52,2780.22,2937.08,2656.39,1936.21,1788.41,2316.06,3653.81,3747.89,2961.58
Norway,M534F142,India: Imports [cif] from Norway (Mil.US$),63.69,39.45,25.51,21.47,37.37,50.79,35.66,57.18,61.61,38.18,33.25,26.6,31.78,31.85,44.09,44.21,47.68,86.18,74.18,48.83,45.85,45.67,84.71,251.5,221.69,275.78,645.37,1410.15,1634.09,963.57,958.76,835.78,923.8,655.86,842.48,830.21,644.86,730.18,455.58,621.54,498.05
Sweden,M534F144,India: Imports [cif] from Sweden (Mil.US$),97.8,94.31,88.3,83.08,127.7,118.18,235.46,223.95,264.08,135.58,187.11,162.62,170.18,148.1,254.95,226.92,346.33,298.78,218.78,229.23,238.38,322.52,488.72,653.48,862.57,1113.48,1742.72,2081.2,2180.66,1601.78,1473.08,2037.91,1748.53,1673,1743.33,1586.99,1191.4,1397.21,1363.26,1173.48,950.5
Switzerland,M534F146,India: Imports [cif] from Switzerland (Mil.US$),150.43,118.11,115.67,124.76,158.63,135.65,241.76,186.22,202.68,184.88,215.43,151.82,320.17,451.93,590.49,786.9,929.32,2262.35,2866.98,2683.88,3019.5,3419.57,2465.09,3067.09,5191.62,6402.56,8482.03,9655.23,13047.78,10222.32,22292.2,31567.73,30594.67,25797.48,21169.32,21085.77,14897.98,20415.02,18033.21,17761.6,11312.54
Canada,M534F156,India: Imports [cif] from Canada (Mil.US$),375.93,334.04,298.24,267.55,395.56,444.73,306.38,204.87,275.06,248.42,311.44,275.06,413.96,209.09,246.31,322.98,321.89,394.03,394.43,381.78,392.95,515.59,557.08,685.99,735.32,883.83,1563.02,1923.49,2584.28,2117.71,2072.21,2605.58,2811.51,3019.46,3763.26,3878.5,2778.13,4836.48,3499.65,3926.3,2744.68
Japan,M534F158,India: Imports [cif] from Japan (Mil.US$),815.07,880.4,1179.43,1265.12,1085.1,1363.56,1931.17,1741.74,1874.49,1493.71,1800.83,1364.3,1504.2,1376.47,1839.88,2234.33,2133.52,2155.53,2385.5,2518.28,2015.6,1756.17,1913.86,2459.84,2921.39,3854.61,4461.98,5891.33,8160.97,6385.9,8282.05,11196.34,12402.71,10540.97,9968.64,9638.08,9842.91,10469.42,12534.53,12746.15,10206.85
Finland,M534F172,India: Imports [cif] from Finland (Mil.US$),45.12,49.44,37.68,51,35.07,70.11,66.71,58.1,71.93,85.94,77.38,73.39,67.65,63.15,93.66,110.04,211.08,181.8,177.45,148.6,190.25,158.48,189.77,252.32,350.31,534.81,603.21,847.3,1140.27,1109.39,1395.94,1976.81,1399.87,955.41,1071.63,990.95,932.39,1272.95,1338.06,714.51,680.78
Greece,M534F174,India: Imports [cif] from Greece (Mil.US$),39.03,44.37,6.41,2.02,13.64,6.41,2.02,5.04,8.15,7.7,7.37,8.52,19.32,21.45,13.01,33.96,28.48,31.18,16.75,22.75,23.22,32.46,24.5,41.02,29.4,48.23,171.33,147.48,87.85,151.74,89.93,116.32,102.36,108.81,131.45,115.16,95.67,100.42,143.67,121.64,130.31
Iceland,M534F176,India: Imports [cif] from Iceland (Mil.US$),#N/A,#N/A,#N/A,#N/A,#N/A,#N/A,#N/A,#N/A,#N/A,#N/A,0.02,0.05,0.09,0.18,0.29,0.31,0.16,0.25,2.85,1.68,1,1.04,10.72,10.53,4.05,5.31,4.38,3.77,4.29,10.17,4.3,5.07,2.2,1.66,8.58,5.39,2.92,7.26,10.47,10.02,5.35
Ireland,M534F178,India: Imports [cif] from Ireland (Mil.US$),15.05,11.29,2.26,6.43,9.85,14.73,9.14,14.24,12.88,7.21,14.66,7.75,15.43,17.91,31.47,21.78,18.49,31.85,39.08,51.83,67.92,70.03,94.72,122.84,130.6,167.22,257,266.94,237.26,266.08,240.52,366.14,461.32,616.52,529.24,554.88,489.87,588.93,469.53,543.71,403.73
Malta,M534F181,India: Imports [cif] from Malta (Mil.US$),7.42,9.06,6.14,7.36,0.32,#N/A,0.61,#N/A,#N/A,0.02,#N/A,0.01,0,9.41,0.01,0.07,0.62,24.95,8.3,#N/A,#N/A,0.14,0.16,0.74,0.63,21.08,153.92,55.85,5.12,8.91,34.63,36.93,46.85,38.81,24.67,25.59,28.02,15.71,18.16,41.17,123.83
Portugal,M534F182,India: Imports [cif] from Portugal (Mil.US$),13.37,2.55,2.97,5.78,3.04,17.26,15.75,15.76,17.15,14.76,24.8,4.74,12.48,7.92,10.58,6.85,7.4,13.8,10.88,9.6,11.42,10.68,14.72,14.14,16.88,27.42,30.42,34.39,56.22,64.51,75.82,269.04,343.69,371.27,189.19,105.92,130.38,182.9,139.4,141.11,116.25
Spain,M534F184,India: Imports [cif] from Spain (Mil.US$),82.77,97.4,99.19,102.94,108.31,129.03,153.22,154.6,146.85,117.08,110.97,65.79,96.12,95.11,173.44,170.16,195.89,173.55,201.03,158.5,141.63,146.25,175.04,238.37,344.12,527.48,613.54,902.05,1147.23,1027.68,1433.37,1712.11,1771.72,1922.11,1741.84,1932.03,1727,1854.64,1690.16,1655.42,1432.56
Turkey,M534F186,India: Imports [cif] from Turkey (Mil.US$),3.59,25.92,6.6,18.6,32.7,34.72,64.17,121.41,162.84,60.9,93.41,59.46,83.39,31.02,68.26,47.96,61.75,65.65,90.03,97.1,56.63,64.16,62.07,69.9,114.88,179.08,298.12,1350.24,1953.99,1578.98,796.29,886.52,1885.94,887.88,1354.14,997,1129.7,1117.4,2032.43,2285.9,1579.48
Yugoslavia,M534F188,India: Imports [cif] from Yugoslavia [DISC] (Mil.US$),49.22,40.07,36.34,24.66,50.94,57.16,76.55,115.13,128.23,82.25,115.48,58.23,47.12,1.92,#N/A,0.3,2.12,19.18,9.48,12.03,#N/A,#N/A,#N/A,#N/A,#N/A,#N/A,#N/A,#N/A,#N/A,#N/A,#N/A,#N/A,#N/A,#N/A,#N/A,#N/A,#N/A,#N/A,#N/A,#N/A,#N/A
Australia,M534F193,India: Imports [cif] from Australia (Mil.US$),210.2,174.46,405.9,183.44,58.27,411.84,332.1,342.83,425,432.66,756.77,560.84,826.32,685.82,840.99,944.65,1089.15,1443.5,1455.15,1172.6,1067.55,1217.67,1329.12,2321.11,3333.13,4667.07,6493.07,7629.74,11125.93,10743.83,12073.75,13424.05,13619.93,11093.98,10004.08,9467.95,8742.2,14325.13,14139.56,10573.69,7263.61
New Zealand,M534F196,India: Imports [cif] from New Zealand (Mil.US$),10.95,34.8,25.47,21.05,26,27.32,38.87,41.7,41.67,32.24,60.45,68.35,64.12,70.36,70.28,62.36,72.9,82.73,87.18,94.45,83.6,75.7,77.84,78.27,100.07,194.46,253.5,318.5,458.9,427.44,651.79,713.16,773.06,633.1,599.35,548.75,508.92,612.21,633.2,557.84,410.84
South Africa,M534F199,India: Imports [cif] from South Africa (Mil.US$),#N/A,#N/A,#N/A,#N/A,#N/A,#N/A,#N/A,#N/A,#N/A,#N/A,#N/A,4.44,#N/A,#N/A,117.62,170.83,315.73,453.83,1138.45,1849.75,1270.35,1396.9,1930.34,1947.76,2085.3,2403.27,2471.7,3327.73,5775.56,4900.68,6932.14,9334.77,8641.47,7553.74,5999.88,6327.87,5105.12,6885.05,6612.31,6641.32,6673.14
Argentina,M534F213,India: Imports [cif] from Argentina (Mil.US$),22.62,11.71,14.51,3.08,132.21,26,32.63,32.3,38.66,68.38,54.57,36.83,31.62,44.47,45.48,126.96,125.48,146.48,286.53,345.45,372.48,445.46,412.1,494.01,517.57,700.43,848.95,899.21,602.83,608.16,1033.8,1108.26,1221.76,1122.88,2015.12,2215.07,2593.47,2486.77,1809.49,2167.61,2617.61
Bolivia,M534F218,India: Imports [cif] from Bolivia (Mil.US$),0.08,#N/A,#N/A,#N/A,#N/A,#N/A,#N/A,#N/A,#N/A,0.11,0.33,0.62,0.61,0.37,0.49,#N/A,0.04,#N/A,#N/A,#N/A,10.8,6.39,1.45,1.55,0.59,0.76,2.44,3.4,5.85,4.54,5.88,5.48,3.38,6.72,2.14,187.7,127.73,597.51,763.69,798.42,1015.85
Brazil,M534F223,India: Imports [cif] from Brazil (Mil.US$),248.26,239.15,243.84,207.23,314.2,322.31,212.44,278.11,281.3,215.52,226.99,194.5,213,113.82,540.96,220.21,167.84,187.55,196.65,297.13,191.63,266.78,314.63,314.34,649.89,867.89,967.03,959.19,1165.89,3007.09,3244.34,3795.06,5405.6,3722.4,5534.78,4134.25,3613.5,5099.84,4619.21,3064.79,3194.99
Chile,M534F228,India: Imports [cif] from Chile (Mil.US$),1.35,0.48,#N/A,#N/A,#N/A,#N/A,#N/A,#N/A,3.48,37.04,53.65,9.04,9.6,23.97,38.12,58.38,105.09,78.48,60.25,78.2,64.2,69.45,149.18,159.38,296.12,412.27,1547.01,1861.59,1790.89,997.2,1572.52,1820.72,2498.02,3244.17,3182.35,2307.65,1220.46,1700.42,1695.88,1140.76,853.33
Colombia,M534F233,India: Imports [cif] from Colombia (Mil.US$),0.01,7.4,8.69,0.34,7.09,10.74,9.71,9.01,11.09,25.86,23.71,19.03,21.56,11.5,46.25,15.46,2.12,5.4,3,2.6,7.98,10.89,5.72,9.31,13.09,10.56,59.8,82.04,22.59,340.94,773.65,700.25,1382.35,4296.7,3554.38,879.46,484.15,646.4,1028.34,719.39,1158.8
Costa Rica,M534F238,India: Imports [cif] from Costa Rica (Mil.US$),#N/A,#N/A,0.19,#N/A,#N/A,0.18,0.03,#N/A,#N/A,0.14,#N/A,0.05,0.42,0.28,0.12,0.15,0.16,0.28,1.2,1.05,0.9,0.96,4.29,20.53,31.86,37.26,42.41,77.27,61.43,91.98,102.24,159.87,223.65,219.14,184.66,69.17,58.36,68.58,49.46,51.62,39.12
Dominican Republic,M534F243,India: Imports [cif] from Dominican Rep (Mil.US$),#N/A,0.01,3.05,0.54,3.29,4.6,9.25,6.53,5.11,1.08,0.65,0.08,0.07,0.01,0.01,0.05,0.26,#N/A,#N/A,0.3,0.18,#N/A,0.09,1.34,2.46,4.7,2.7,2.57,9.54,8.53,15.35,8.37,10.35,12.92,85.05,600.65,637.9,594.74,549.42,459.61,198.44
Ecuador,M534F248,India: Imports [cif] from Ecuador (Mil.US$),#N/A,#N/A,#N/A,#N/A,#N/A,#N/A,#N/A,#N/A,#N/A,0,0,#N/A,#N/A,#N/A,0,6.08,5.33,5.28,1.98,6.68,7.93,3.63,2.74,4.91,18,20.98,42.08,174.83,60.16,62.04,170.62,53.89,757.62,367.46,1002.55,640.02,220.79,329.03,220.01,312.36,320.67
El Salvador,M534F253,India: Imports [cif] from El Salvador (Mil.US$),#N/A,#N/A,#N/A,#N/A,#N/A,#N/A,#N/A,#N/A,#N/A,0.23,0.28,0.25,#N/A,#N/A,#N/A,0.55,#N/A,0.1,0.3,0.25,#N/A,0.46,1.03,1.11,1.65,2.01,2.39,5.02,5.78,5.53,5.04,11.01,7.72,8.99,8.36,8.85,4.73,9.43,4.78,3.3,3.7
Guatemala,M534F258,India: Imports [cif] from Guatemala (Mil.US$),#N/A,#N/A,#N/A,#N/A,#N/A,#N/A,#N/A,0.13,0.1,0.13,#N/A,0.32,0.25,0.23,5.44,#N/A,0.19,0.05,0.68,0.9,0.3,0.2,2.06,0.75,0.81,1.64,2.03,3.2,4,4.11,40.05,7.97,6.06,13.49,16.95,13.67,18,17.52,16.13,21.3,21.02
Haiti,M534F263,India: Imports [cif] from Haiti (Mil.US$),#N/A,#N/A,#N/A,#N/A,#N/A,#N/A,#N/A,#N/A,#N/A,#N/A,#N/A,#N/A,#N/A,0.1,#N/A,0.12,#N/A,#N/A,#N/A,#N/A,#N/A,0,0.03,0.37,0.88,0.47,0.92,1.76,1.6,1.74,1.31,1.43,1.82,0.96,1.46,2.88,3.61,6.47,11.42,15.92,12.28
Honduras,M534F268,India: Imports [cif] from Honduras (Mil.US$),#N/A,#N/A,#N/A,#N/A,#N/A,#N/A,#N/A,#N/A,#N/A,0.27,0.04,0.03,0.27,1.13,0.02,4.34,#N/A,#N/A,#N/A,#N/A,0.07,0.4,0.14,0.02,0.16,0.29,1.35,2.02,4.22,5.27,22.6,5.05,14.79,23.11,26.24,17.91,20.28,15.43,12.76,23.75,10.16
Mexico,M534F273,India: Imports [cif] from Mexico (Mil.US$),7.65,60.22,24.39,4.74,8.39,21.29,19.42,37.47,39.65,58.67,91.04,63.21,65,35.87,52.39,55.32,32.6,70.4,88.88,95.38,64.48,63.71,64.7,71.8,77.83,93.87,617.2,1085.33,1774.21,978.26,990.45,2185.38,3536.42,4295.46,3449.05,2732.35,2441.5,3532.27,4991.62,4880.99,3066.13
Nicaragua,M534F278,India: Imports [cif] from Nicaragua (Mil.US$),#N/A,#N/A,#N/A,#N/A,#N/A,#N/A,0.02,#N/A,#N/A,#N/A,#N/A,#N/A,0.12,#N/A,#N/A,0.06,0.05,#N/A,#N/A,#N/A,#N/A,0.05,0.51,0.38,0.21,4.17,1.43,0.3,0.81,0.35,0.76,1,0.94,2.59,1.98,3.73,2.88,3.81,3.27,4.06,4.93
Panama,M534F283,India: Imports [cif] from Panama (Mil.US$),0.01,0.35,#N/A,#N/A,#N/A,#N/A,#N/A,#N/A,#N/A,#N/A,0,#N/A,0.54,0.28,0,0.98,0.49,36.13,24.98,4.48,7.17,8.95,20.17,10.88,76.1,210.84,291.32,263.82,266.25,348.53,283.1,219.38,104.07,48.37,94.38,74.15,52.67,134.45,40.16,77.37,29.09
Paraguay,M534F288,India: Imports [cif] from Paraguay (Mil.US$),0.01,0.04,#N/A,#N/A,#N/A,#N/A,#N/A,#N/A,0.02,0,0.07,0.03,0.12,0.44,0.31,0.41,0.14,0.5,0.53,0.28,0.42,16.7,4.99,0.72,2.27,3.85,3.18,1.05,0.5,5.22,5.24,11.43,8.25,4.99,56.85,114.34,160.78,154.6,54.23,23.16,17.37
Peru,M534F293,India: Imports [cif] from Peru (Mil.US$),2.8,0.13,5.68,1.29,0.78,3.67,4.89,6.6,5.3,7.55,20.17,1.69,3.89,2.9,4.29,0.52,18.41,16.85,10.5,39.45,19.2,26.97,25.57,28.63,32.1,26.38,102.06,149.96,297.6,100,212.01,432.73,423.65,693.71,563.33,740.94,988.74,2068.61,2473.34,1756.67,1376.85
Uruguay,M534F298,India: Imports [cif] from Uruguay (Mil.US$),6.64,0.52,0.12,0.29,0.01,1.1,0.45,0.21,0.15,0.14,0.25,1.11,3.46,0.94,2.67,2.63,1.88,2.7,2.2,1.98,2.67,2.4,4.37,8.83,5.51,4.04,6.47,11.75,16.58,13.56,17.33,28.94,24.5,20.72,20.5,18.57,13.59,24.27,35.57,47.89,140.1
Venezuela,M534F299,India: Imports [cif] from Venezuela (Mil.US$),61.7,153.69,86.1,27.97,0.26,15.42,14.21,30.42,29.1,8.33,20.33,3.7,12,39.94,15.61,10.1,35.28,20.05,8.75,3.6,11.45,2.24,3.43,2.81,3.54,8.17,559.73,483.45,4115.81,1836.59,4990,6052.4,12056.77,14918.59,13198.94,6742.11,5078.6,5897.69,7396.67,5689.93,2335.28
Antigua and Barbuda,M534F311,India: Imports [cif] from Antigua & Barbuda (Mil.US$),#N/A,#N/A,#N/A,#N/A,#N/A,#N/A,#N/A,#N/A,#N/A,#N/A,#N/A,#N/A,#N/A,#N/A,#N/A,#N/A,#N/A,#N/A,#N/A,#N/A,#N/A,#N/A,#N/A,0,#N/A,0,1,0,0,0,16,0,0,0,0,0,#N/A,0,0,0,0
Bahamas,M534F313,India: Imports [cif] from Bahamas (Mil.US$),10.63,#N/A,0.04,0.04,248.52,0.06,#N/A,#N/A,#N/A,#N/A,1.28,0.02,34.92,1.11,1.28,1.88,4.89,0.63,#N/A,#N/A,#N/A,0.07,0.27,0.14,#N/A,11.51,9.15,3.21,40.6,0.44,0.56,7.44,0.12,103.05,494.45,77.32,258.28,40.26,6.45,46.68,35.86
Aruba,M534F314,India: Imports [cif] from Aruba (Mil.US$),#N/A,#N/A,#N/A,#N/A,#N/A,#N/A,#N/A,#N/A,#N/A,#N/A,#N/A,#N/A,#N/A,#N/A,#N/A,#N/A,#N/A,#N/A,#N/A,#N/A,#N/A,#N/A,#N/A,#N/A,#N/A,#N/A,#N/A,#N/A,0,0,#N/A,2,0,0,0,0,4,0,0,0,1
Barbados,M534F316,India: Imports [cif] from Barbados (Mil.US$),#N/A,#N/A,#N/A,#N/A,#N/A,#N/A,#N/A,#N/A,#N/A,#N/A,#N/A,#N/A,#N/A,#N/A,0.01,#N/A,#N/A,#N/A,0.08,0.03,#N/A,0.01,0.01,0.04,0.02,0.03,0.12,0.06,0.05,0.2,0.12,0.86,0.14,0.12,0.17,0.16,0.16,0.12,1.45,1.61,0.62
Bermuda,M534F319,India: Imports [cif] from Bermuda (Mil.US$),0.29,0.15,#N/A,#N/A,#N/A,#N/A,#N/A,#N/A,#N/A,#N/A,0.01,0,0,0.03,#N/A,0.01,#N/A,3.83,#N/A,#N/A,#N/A,0.27,#N/A,#N/A,0.98,0.36,0.43,0.43,0.25,64.29,0.08,0,0,0.04,0.09,0,0,0.01,#N/A,7.68,#N/A
Dominica,M534F321,India: Imports [cif] from Dominica (Mil.US$),#N/A,#N/A,#N/A,#N/A,#N/A,#N/A,#N/A,#N/A,#N/A,#N/A,0.37,#N/A,#N/A,#N/A,0.01,#N/A,#N/A,#N/A,#N/A,#N/A,#N/A,0.05,0.03,0.08,0.28,0.21,0.32,0.89,0.64,0.83,0.16,0.41,0.43,1.27,0.07,0.11,0.74,0.25,0.27,0.27,0.3
Falkland Islands,M534F323,India: Imports [cif] from Falkland Islands (Mil.US$),#N/A,#N/A,#N/A,#N/A,#N/A,#N/A,#N/A,#N/A,#N/A,#N/A,#N/A,#N/A,#N/A,#N/A,#N/A,#N/A,#N/A,#N/A,#N/A,#N/A,#N/A,#N/A,#N/A,#N/A,#N/A,#N/A,0,0,0,1,1,2,1,1,3,2,#N/A,#N/A,#N/A,0,#N/A
Greenland,M534F326,India: Imports [cif] from Greenland (Mil.US$),#N/A,#N/A,#N/A,#N/A,#N/A,#N/A,#N/A,#N/A,#N/A,#N/A,#N/A,#N/A,#N/A,#N/A,#N/A,#N/A,#N/A,#N/A,#N/A,#N/A,#N/A,0,0,0,0,0,0,0,0,0,0,0,0,0,0,0,0,0,#N/A,#N/A,0
Grenada,M534F328,India: Imports [cif] from Grenada (Mil.US$),#N/A,#N/A,#N/A,#N/A,#N/A,#N/A,#N/A,#N/A,#N/A,#N/A,0.14,#N/A,#N/A,#N/A,#N/A,#N/A,0.16,#N/A,#N/A,0.08,0.02,0.01,0.2,0.15,0.06,#N/A,0.09,0.03,0.07,0.05,0.06,0,0.02,#N/A,0,#N/A,#N/A,0.25,0.33,0.59,0.42
Guadeloupe,M534F329,,,,,,,,,,,,,,,,,,,,,,,,,,,,,,,,,,,,,,,,,,
French Guyana,M534F333,,,,,,,,,,,,,,,,,,,,,,,,,,,,,,,,,,,,,,,,,,
Guyana,M534F336,India: Imports [cif] from Guyana (Mil.US$),#N/A,0.03,0.01,0.54,1.06,#N/A,0.14,0.12,0.27,#N/A,#N/A,#N/A,#N/A,0.02,#N/A,#N/A,1.22,0.3,0.38,1.4,1.4,1.38,2.13,9.5,8.21,17.73,16.38,15.56,11.44,7.35,11.12,10.21,4.72,6.03,9.28,16.47,15.75,8.77,6.69,6.48,10.5
Belize,M534F339,India: Imports [cif] from Belize (Mil.US$),#N/A,0.01,#N/A,#N/A,#N/A,#N/A,#N/A,#N/A,#N/A,#N/A,#N/A,#N/A,#N/A,0.03,#N/A,#N/A,#N/A,#N/A,#N/A,#N/A,#N/A,0,0.36,0.12,0.01,0.03,4.44,11.55,13.68,0.07,0.51,0.1,0.15,0.22,1.57,0.45,0.38,1.34,0.75,0.85,0.65
Jamaica,M534F343,India: Imports [cif] from Jamaica (Mil.US$),#N/A,0.02,0.01,#N/A,0.04,#N/A,0.01,#N/A,0,#N/A,0,0.01,0.01,0.03,0.01,0.12,0.04,#N/A,0.23,0.15,0.1,0.09,0.29,0.73,2.19,2.26,0.99,17.53,1.03,1.03,0.64,1.34,2.6,0.83,1.72,1.28,1.3,4.01,4.11,4.01,2.11
Leeward Islands,M534F346,,,,,,,,,,,,,,,,,,,,,,,,,,,,,,,,,,,,,,,,,,
Martinique,M534F349,,,,,,,,,,,,,,,,,,,,,,,,,,,,,,,,,,,,,,,,,,
Montserrat,M534F351,India: Imports [cif] from Montserrat [DISC] (Mil.US$),#N/A,#N/A,#N/A,#N/A,#N/A,#N/A,#N/A,#N/A,#N/A,#N/A,#N/A,#N/A,#N/A,#N/A,#N/A,#N/A,#N/A,#N/A,#N/A,#N/A,#N/A,#N/A,#N/A,#N/A,#N/A,#N/A,#N/A,#N/A,#N/A,#N/A,#N/A,#N/A,#N/A,#N/A,#N/A,#N/A,#N/A,#N/A,#N/A,0,#N/A
Netherlands Antilles,M534F353,India: Imports [cif] from Netherlands Antilles (Mil.US$),12.22,#N/A,#N/A,#N/A,#N/A,#N/A,#N/A,#N/A,#N/A,1.37,27.86,#N/A,#N/A,#N/A,0.03,0.63,#N/A,#N/A,#N/A,#N/A,0.07,#N/A,#N/A,0.15,0.05,0.04,0.82,1.21,1.25,1.07,0.99,52.78,19.36,3.59,140.8,14.6,112.15,8.34,7.4,25.56,#N/A
St Kitts and Nevis,M534F361,India: Imports [cif] from St. Kitts & Nevis (Mil.US$),#N/A,#N/A,#N/A,#N/A,#N/A,#N/A,#N/A,#N/A,#N/A,0.01,#N/A,#N/A,#N/A,#N/A,#N/A,#N/A,#N/A,#N/A,#N/A,#N/A,#N/A,#N/A,#N/A,#N/A,#N/A,0.01,0.01,0.07,#N/A,0.03,0.01,0.23,#N/A,0.02,0.41,0.2,0.01,#N/A,#N/A,#N/A,#N/A
St Lucia,M534F362,India: Imports [cif] from St Lucia (Mil.US$),#N/A,#N/A,#N/A,#N/A,#N/A,#N/A,#N/A,#N/A,#N/A,#N/A,#N/A,#N/A,#N/A,#N/A,#N/A,#N/A,#N/A,#N/A,#N/A,#N/A,#N/A,0,#N/A,#N/A,#N/A,0,0,3,0,26,0,0,0,1,0,0,0,0,1,1,0
St Pierre and Miguelon,M534F363,,,,,,,,,,,,,,,,,,,,,,,,,,,,,,,,,,,,,,,,,,
St Vincent and Grenadines,M534F364,India: Imports [cif] from St. Vincent & Grenadines (Mil.US$),#N/A,#N/A,#N/A,#N/A,#N/A,#N/A,#N/A,#N/A,#N/A,#N/A,#N/A,0.7,#N/A,1.14,1.97,#N/A,#N/A,#N/A,#N/A,#N/A,#N/A,#N/A,1.88,#N/A,2.21,#N/A,20.33,#N/A,41.09,1.04,0,#N/A,#N/A,#N/A,0,0,#N/A,#N/A,0.02,#N/A,#N/A
Suriname,M534F366,India: Imports [cif] from Suriname (Mil.US$),0.06,#N/A,#N/A,#N/A,#N/A,#N/A,#N/A,#N/A,#N/A,#N/A,#N/A,0.02,#N/A,0.01,0.04,#N/A,1.35,0.33,#N/A,#N/A,0.15,0.21,2.51,1.2,0.8,5.1,2.44,0.91,1.36,1.46,0.71,3.51,10.36,14.53,31.31,221.32,37.26,83.95,90.68,67.12,30.06
Trinidad and Tobago,M534F369,India: Imports [cif] from Trinidad & Tobago (Mil.US$),#N/A,13.85,#N/A,#N/A,4.19,11.63,5.66,#N/A,#N/A,0.12,5.72,7.7,1.89,0.58,1.99,0.24,1.31,2.25,1.1,0.15,#N/A,0.09,0.12,5.55,9.87,4.86,38.6,143.42,90.71,147.12,79.97,204.75,5.28,9.67,36.07,83.9,154.3,101.69,181.97,78.94,179.56
Windward Islands,M534F376,,,,,,,,,,,,,,,,,,,,,,,,,,,,,,,,,,,,,,,,,,
Cayman Islands,M534F377,,,,,,,,,,,,,,,,,,,,,,,,,,,,,,,,,,,,,,,,,,
Windward and Cayman Islands,M534F378,,,,,,,,,,,,,,,,,,,,,,,,,,,,,,,,,,,,,,,,,,
Bahrain,M534F419,India: Imports [cif] from Bahrain (Mil.US$),88.31,78.97,126.58,100.86,#N/A,161.64,83.81,55.62,83.71,179.91,199.6,48.55,371.27,520.31,631.82,793.71,931.17,679.38,504.43,399.38,245.8,142.4,124.35,86.17,102.98,172.64,400.62,739.72,1695.4,537.75,665.9,684.44,862.08,578.09,442.69,355.1,322.86,361.06,582.46,385.49,492.85
Cyprus,M534F423,India: Imports [cif] from Cyprus (Mil.US$),0.01,0.14,0.54,1.6,2.09,7.79,0.38,0.53,0.4,1.24,0.97,0.96,22.37,11.22,2.15,1.22,0.67,1.85,1,1.58,1.37,2.14,3.66,2.64,4.15,20.35,89.39,136.7,189.61,12.27,19.22,28.01,21.7,20.73,21.19,50.16,67.63,12.24,29.11,402.69,56.09
Iran,M534F429,India: Imports [cif] from Iran (Mil.US$),1349.66,1820.72,893.99,786.9,476.9,661.02,281.17,36.1,59.41,194.83,481.51,584.99,524.2,329.61,475.94,574.29,809.75,693.35,513.53,1056.9,471.23,263.31,264.68,264.69,365.91,629.4,5896.48,10093.46,14003.35,10574,11110.94,11515.61,13455.05,10028.07,11253.04,6245.39,8284.76,11057.23,14772.89,3387.7,297.12
Iraq,M534F433,India: Imports [cif] from Iraq (Mil.US$),1340.26,233.2,939.17,747.98,691.49,489.06,102.78,402.03,336.99,182.1,404.27,2.5,1.17,0.03,0.04,0.03,0.04,139.05,159.75,187.58,55.1,0.01,0.03,0.11,0.86,1.82,4145.04,6503.38,9603.39,5841.25,7301.44,17525.06,18822.49,19665.81,16097.27,11322.45,9982.61,15311,23066.31,22070.23,16172.95
Israel,M534F436,India: Imports [cif] from Israel (Mil.US$),11.64,16.53,16.94,13.97,16.59,22.47,25.45,58.18,87.96,106.82,94.05,64.95,111.79,245.45,292.25,201.08,236.1,318.88,346.63,524,469.85,391.92,558.95,652.98,896.83,1020.42,1067.57,1340.39,2052.84,1793.95,2040.89,2549.23,2446.54,2361.72,2304.52,2089.32,2077.12,1991.71,2043.09,1657.2,1752.48
Jordan,M534F439,India: Imports [cif] from Jordan (Mil.US$),35.22,40.28,46.83,31.34,83.06,135.47,120.13,91.05,115.94,180.65,189.67,145.29,157.35,105.56,140.17,171.55,129.36,157.8,249.1,266.1,247.65,178.82,220.77,228.82,305.14,420.72,464,631.47,1800.41,842.02,820.76,1248.46,1076.98,697.56,791.54,882.18,840.53,880.74,1055.06,1095.16,1085.58
Kuwait,M534F443,India: Imports [cif] from Kuwait (Mil.US$),337.02,378.61,297.57,260.75,353.45,229.63,242.16,375.37,367.85,575.35,421.16,214.99,964.98,1065.55,1385.54,1884.09,2208.07,2325.85,1700.7,1809.43,562.58,88.32,153.05,151.74,255.75,422.88,4609.58,7265.44,10967.37,7534.97,9031.75,14647.28,17856.95,17533.99,15059.81,5961.35,4049.49,6122.04,7847.84,9126.09,5975.06
Lebanon,M534F446,India: Imports [cif] from Lebanon (Mil.US$),0.11,0.01,0.11,#N/A,0.11,0.42,0.01,0.03,0.04,#N/A,0,0.16,0.18,0.21,0.4,0.16,0.38,0.6,1.08,9.38,8.57,10.28,12.73,9.02,17,19,12.96,9.84,16.11,5.92,18.45,16.98,24.26,40.76,40.19,28.15,29.69,35.53,45.5,31.04,27.8
Oman,M534F449,India: Imports [cif] from Oman (Mil.US$),1.96,1.18,0.23,1.27,117.64,145.82,229.2,108.62,82.1,3.37,39.67,42.79,18.11,20.36,23.43,15.34,15.44,27.4,25.15,52.33,20.27,7.71,12.5,41.62,27.68,204.34,411.54,965.23,1503,2550.04,3634.22,4546,1928.92,3070.95,1848.47,1595.09,1286.34,3089.35,3559.6,3294.4,3045.15
Qatar,M534F453,India: Imports [cif] from Qatar (Mil.US$),52.72,56.95,40.19,15.14,46.79,74.36,29.33,26.42,34.82,15.55,24.29,35.78,102.39,117.83,105.89,97.5,146.55,111.1,77.98,174.88,111.7,83.17,107.72,168.56,525.95,844.43,1776.65,2359.24,3493.85,4106.87,6155.8,11282.84,16188.17,14447.01,16472.13,9664.51,7490.62,8092.97,10552.51,9519.38,8121.37
Saudi Arabia,M534F456,India: Imports [cif] from Saudi Arabia (Mil.US$),520.62,721.26,1719.55,969.57,1014.73,842.69,639.92,601.1,900.26,895.6,1475.19,1109.35,1649.46,1600.7,1512.94,1859.9,2428.24,2573.65,2000.7,2720.25,1219.95,496.11,494.54,679.5,1130.1,1549.54,10446.01,17896.82,23204.29,14602.8,20406.52,28321.09,33183.61,36083.45,32580.72,21258.69,18446.6,21067.2,28367.79,26996.48,17723.81
Syria,M534F463,India: Imports [cif] from Syria (Mil.US$),#N/A,#N/A,0.06,0.01,3.57,0.44,#N/A,0.03,1.08,1.24,0.05,#N/A,1.04,9.52,21.88,4.64,20.82,12.45,10.93,11.53,7.9,7.06,8.48,5.7,3.89,4.8,60.94,35.08,87.41,153.22,89.71,105.35,164.7,16.25,85.74,35.76,35.66,28.86,15.14,15.71,14.92
UAE,M534F466,India: Imports [cif] from United Arab Emirates (Mil.US$),378.26,598.31,409.33,229.82,284.94,482.43,341.51,527.02,532.73,793.2,963.66,993.78,727.07,657.82,1307.08,1593.55,1657.21,1769.03,1735.9,2180.95,1077.8,909.52,946.52,1784.12,3951.43,4425.83,7581.68,12267.26,24478.86,15417.9,30976.81,35656.71,38258.37,33214.2,27211.65,20456.44,19276.09,23091.21,26786.55,30283.32,23901.11
Egypt,M534F469,India: Imports [cif] from Egypt (Mil.US$),59.56,0.57,10.01,13.13,16.62,54.16,137.63,152.68,150.42,20.77,44.71,67.05,575.93,445.86,229.92,92.2,63.46,160.75,192.45,381.03,140.08,71.75,194.91,130.3,127.19,203.5,1362.37,1922.83,2072.65,1707.81,1413.05,2852.53,2618.26,2412.3,1876.51,1467.65,1005.76,1216.07,1690.12,1997.48,1768.33
Yemen,M534F474,"India: Imports [cif] from Yemen, Rep of (Mil.US$)",#N/A,#N/A,#N/A,#N/A,#N/A,#N/A,#N/A,#N/A,#N/A,#N/A,32.08,42.14,81.53,110.23,20.11,22.74,21.84,16.88,12.3,198.88,76.88,46.98,43.63,32.88,30.38,15.21,1510.64,1604.44,919.01,1146.13,2227.7,802.69,1032.11,911.04,404.5,184.79,4.98,79.81,83.44,22.94,13.72
The Occupied Territories,M534F487,India: Imports [cif] from West Bank and Gaza (Mil.US$),#N/A,#N/A,#N/A,#N/A,#N/A,#N/A,#N/A,#N/A,#N/A,#N/A,#N/A,#N/A,#N/A,#N/A,#N/A,#N/A,#N/A,#N/A,#N/A,#N/A,#N/A,#N/A,#N/A,#N/A,#N/A,#N/A,#N/A,#N/A,#N/A,#N/A,#N/A,#N/A,#N/A,#N/A,#N/A,#N/A,#N/A,#N/A,0.29,1.57,0.11
Afghanistan,M534F512,India: Imports [cif] from Afghanistan (Mil.US$),12.99,2.74,10.91,13.98,14.35,11.84,19.51,19.53,18.55,4.83,14.07,10.87,5.77,2.68,2.01,7.67,4.26,8.8,23.75,22.85,25.23,19.93,18.22,35,43.36,55.57,40.48,90.55,130.61,120.7,144.58,119.91,148.64,209.09,242.14,315.47,282.3,366.19,420.24,492.76,511.43
Bangladesh,M534F513,India: Imports [cif] from Bangladesh (Mil.US$),12.35,13.55,18.61,5.75,26.74,28.9,7.9,14.11,12.28,13.95,15.26,5.73,9.78,12.93,34.27,78.82,57.96,53.65,59.5,74.25,79.85,59.1,61.32,73.73,60.57,110.11,203.13,249.87,329.45,234.88,359.13,583.07,596.61,554.41,556.64,651.26,711.67,550.97,899.47,1229.86,1024.44
Bhutan,M534F514,India: Imports [cif] from Bhutan (Mil.US$),#N/A,#N/A,#N/A,#N/A,#N/A,#N/A,#N/A,#N/A,#N/A,#N/A,#N/A,0.5,1.28,2.89,3.04,16.43,16.54,18.5,7.93,15.03,20.33,23.21,30.1,47.32,50.7,84.33,128.27,181.15,161.2,141.29,186.14,206.16,182.81,148.89,159.46,245.62,220.06,195.8,255.92,248.96,184.25
Brunei,M534F516,India: Imports [cif] from Brunei Darussalam (Mil.US$),#N/A,0.02,#N/A,0.02,0.3,0.24,0.01,#N/A,#N/A,#N/A,0.02,0.11,0.11,0,0.11,0.03,0.01,#N/A,#N/A,0.08,0.18,0.3,0.33,0.33,0.49,0.79,214.15,240.58,318.52,486.16,207.43,719.53,757.94,733.44,942.16,607.86,461.4,591.8,433.92,583.39,422.89
Myanmar,M534F518,India: Imports [cif] from Myanmar (Mil.US$),7.62,5.7,17.06,22.77,61.48,25.76,28.59,31.22,43.97,174.55,90.14,51.22,104.07,117.14,120.43,160.46,148.37,212.3,186.35,172.15,179.18,345.43,345.64,390.77,400.05,495.95,718.4,802.79,912.61,1195.26,1121,1257.7,1349.89,1372.73,1401.03,1023.7,1086.54,739.6,446.44,505.25,575.59
Cambodia,M534F522,India: Imports [cif] from Cambodia (Mil.US$),#N/A,#N/A,#N/A,#N/A,#N/A,#N/A,#N/A,0.01,0.01,#N/A,#N/A,#N/A,2.63,2.03,0.2,28.88,0.36,1.13,2.18,0.75,1.03,1.07,0.74,0.36,0.25,0.64,1.38,2.55,4.46,3.72,7.68,8.45,10.38,12.64,16.44,42.38,43.13,47.97,48.53,46.63,38.19
Sri Lanka,M534F524,India: Imports [cif] from Sri Lanka (Mil.US$),31.74,55.53,10.66,25.55,14.45,5.38,9.79,5.62,11.47,10.59,22.05,11.51,13.57,17.17,30.97,38.91,34.88,33.95,35.83,42.58,44.8,54.76,84.96,168.76,321.88,527.87,497.39,590.99,431.25,327.98,519.67,718.99,638.93,672.84,591.69,853.89,631.95,609.66,1318.91,993.47,686.32
Taiwan,M534F528,India: Imports [cif] from Taiwan (Mil.US$),53.63,70.62,98.24,95.66,59.87,117.3,107.42,136.1,174.98,299.35,420.69,294.87,282.2,148.42,213.81,311.61,358.32,460.25,393.65,403.03,485.25,539.98,636.87,742.39,984.31,1310.24,1604.47,2219.84,2936.48,2367.65,3641.74,5243.21,3987.41,4135.04,4043.59,3547.16,3105.25,3635.55,4537.68,4194.2,3623.49
Hong Kong,M534F532,India: Imports [cif] from Hong Kong (Mil.US$),27.36,49.88,55.48,48.28,52.88,53.85,63.16,92.91,107.88,131.37,157.66,106.72,169.61,188.27,176.96,242.12,329.85,317,416.05,725.75,843.55,709.35,911.66,1362.65,1656.14,2087.77,2414.63,2645.34,5228.1,4970.76,7794.2,11852.72,7526.15,7919.86,5803.95,5911.21,7113.72,11003.29,15903.03,17384.34,14578.34
India,M534F534,,,,,,,,,,,,,,,,,,,,,,,,,,,,,,,,,,,,,,,,,,
Indonesia,M534F536,India: Imports [cif] from Indonesia (Mil.US$),24.59,22.08,15.9,17.05,42.15,37.88,77.25,51.67,56.25,53.2,172.94,67.26,73.45,87.72,283.2,383.67,578.35,698.38,804.73,926.38,922.35,950.61,1294.86,1936.78,2412.06,2910.52,3878.83,4660.04,6389.23,7863.91,9718.81,13995.44,14275.83,15232.09,15260.84,13883.31,12303.98,16229.43,16029.89,15544.29,12020.79
South Korea,M534F542,India: Imports [cif] from Korea (Mil.US$),172.54,171.21,266.5,161.82,123.79,205.45,250.95,267.15,304.73,284.2,325.46,313.68,409.64,365.35,694.02,716.9,836.03,972.25,1296.25,1303.58,988.68,1131.83,1426.85,2502.38,3102.86,4300.08,4745.48,5729.72,8895.97,7856.36,9937.69,12436.66,13489.73,12452.55,13523.82,13113.09,12213.41,16105.92,16368.34,16114.65,12168.87
Laos,M534F544,India: Imports [cif] from Lao P.D.R. (Mil.US$),#N/A,#N/A,#N/A,#N/A,#N/A,#N/A,#N/A,#N/A,#N/A,#N/A,0.37,#N/A,#N/A,#N/A,#N/A,#N/A,#N/A,#N/A,#N/A,#N/A,#N/A,#N/A,0.12,0.13,0.07,0.09,0.3,0.18,0.56,0.2,20.04,67.05,140.75,111.73,59.66,143.06,171.91,248.61,17.24,2.61,2.07
Macau,M534F546,India: Imports [cif] from Macao (Mil.US$),#N/A,#N/A,#N/A,#N/A,#N/A,#N/A,#N/A,#N/A,#N/A,3.59,0,#N/A,0,0.22,0.02,0.98,0.06,0.03,0.15,0.13,0.02,0.15,9.89,5,0.61,0.12,0.19,0.33,0.3,0.3,0.26,0.42,1.29,2.16,2.81,7.18,7.66,8.42,7.79,4.26,19.94
Malaysia,M534F548,India: Imports [cif] from Malaysia (Mil.US$),341.7,240.1,258.89,272.1,442.67,403.29,394.75,574.5,620.76,359.97,545.54,391.09,534.39,227.37,431.94,769.71,933.9,1161.05,1501.03,1920.1,1388.6,1127.01,1382.45,1901.27,2177.41,2386.46,4575.01,5827.38,7561.69,4923.03,5997.71,9121.96,10157.81,9061.16,10976.59,9563.19,8650.69,8898.34,10415.52,10411.77,7378.04
Maldives,M534F556,India: Imports [cif] from Maldives (Mil.US$),#N/A,#N/A,#N/A,0.01,0.06,0.02,0.02,0.02,0.01,0.03,0.03,0.03,0.09,0.06,0.5,0.13,0.18,0.2,0.13,0.33,0.25,0.23,0.35,0.36,0.53,1.64,2.79,3.87,4.71,3.24,31.56,18.4,7.31,4.12,4.47,5.06,6.26,7.18,20.05,5.88,17.74
Nepal,M534F558,India: Imports [cif] from Nepal (Mil.US$),21.04,44.53,46.39,41.52,43.81,50.47,40.49,40.91,35.49,3.3,15.1,19.19,22.92,18.78,13.89,27.46,49.35,87.43,132.48,177.68,238.47,355.88,300.31,284.97,326.52,371.34,324.44,547.29,567.45,427.15,506.71,538.7,567.32,504.65,602.04,504.94,407.5,374.04,403.61,648.91,629.96
Pakistan,M534F564,India: Imports [cif] from Pakistan (Mil.US$),76.46,76.71,49.9,14.36,20.47,27.91,14.63,23.45,38.02,34.18,44.86,57.61,145.77,46.78,47.15,37.37,38.59,42.35,171.9,104.75,65.05,69.51,49.83,54.45,85.91,158.41,287.33,296.67,377.32,273.8,321.34,362.66,574.12,373.71,529.32,456.4,462.43,431.84,542.68,67.09,2.55
Philippines,M534F566,India: Imports [cif] from Philippines (Mil.US$),11.54,12.93,16.37,5.77,9.47,8.61,5.05,5.73,4.76,13.27,4.21,31.47,13.27,6.91,10.01,14.75,20.56,24.88,34.9,51.48,61.3,75.22,116.54,122.52,166.93,223.47,184.41,195.32,256.97,316.88,396.76,446.86,492.46,407.04,401.43,519.2,475.87,712.73,617.23,557.4,505.66
Singapore,M534F576,India: Imports [cif] from Singapore (Mil.US$),475.17,463.14,438.34,348.66,445.31,321.4,252.65,309.91,365.65,491.58,689.06,311.14,688.58,593.15,720,965.77,974.25,1164.25,1337.63,1496.85,1481.52,1333.9,1402.13,1922.73,2457.97,3178.18,4955.61,7460.62,8747.04,6047.47,7269.77,8230.04,7603.25,6997.1,7071.25,7407.61,6719.83,7219.61,14329.7,14902.17,12306.75
Thailand,M534F578,India: Imports [cif] from Thailand (Mil.US$),24.23,57.92,21.49,67.72,89.76,67.53,56.71,38.27,82.69,76.5,62.24,48.75,66.63,53.51,145.85,146.24,175.86,224.28,263.15,314.13,335.37,404.38,390.02,551.54,777.38,1125.16,1612.1,2162.16,2758.83,2683.95,3948.74,5067.51,5463.78,5453.18,5686.98,5659.78,5316.77,6463.02,7670.97,7041.25,5223.76
East Timor,M534F579,,,,,,,,,,,,,,,,,,,,,,,,,,,,,,,,,,,,,,,,,,
Vietnam,M534F582,India: Imports [cif] from Viet Nam (Mil.US$),2.3,2.44,#N/A,0.45,0.4,5.54,4.69,7.96,9.73,126.42,59.48,38.46,58.64,44.04,50.21,15.35,1.04,6.95,9,10.9,12.18,17.25,26.61,35.96,70.36,120.16,158.58,171.95,388.09,426.97,996.62,1539.1,1994.01,2838.08,2779.38,2683.83,3107.45,4147.51,7215.85,7450.71,5564.63
fmr Poss India,M534F588,,,,,,,,,,,,,,,,,,,,,,,,,,,,,,,,,,,,,,,,,,
Port Poss India,M534F597,,,,,,,,,,,,,,,,,,,,,,,,,,,,,,,,,,,,,,,,,,
Djibouti,M534F611,India: Imports [cif] from Djibouti (Mil.US$),#N/A,#N/A,#N/A,#N/A,#N/A,#N/A,#N/A,#N/A,#N/A,#N/A,0.08,0.02,#N/A,0.04,0.4,0.07,0.69,0.33,0.05,0.15,0.43,0.98,0.8,1.1,2.6,3.29,2.45,3.95,4.48,2.41,1.89,1.93,3.56,5.92,1.29,1.68,2.37,4.09,11.97,21.25,17.44
Algeria,M534F612,India: Imports [cif] from Algeria (Mil.US$),#N/A,318.47,3.62,#N/A,9.3,1.76,0.68,0.09,2.23,6.83,0.7,4.2,3.95,2.23,21.45,5.41,0.4,0.53,0.53,12.95,6.23,1.06,1.18,3.63,5.85,12.56,566.36,1111.86,1326.71,634.72,1896.83,1925.45,1052.88,904.97,641.17,286.9,578.95,1040.63,1623.06,1988.61,715.89
Angola,M534F614,India: Imports [cif] from Angola (Mil.US$),#N/A,#N/A,#N/A,#N/A,#N/A,#N/A,#N/A,#N/A,#N/A,#N/A,0,0,#N/A,#N/A,#N/A,#N/A,#N/A,#N/A,#N/A,#N/A,#N/A,0,5,#N/A,1,3,185,824,1229,3428,4847,6016,7269,6186,5653,3180,2000,4122,4353,3802,2022
Botswana,M534F616,India: Imports [cif] from Botswana (Mil.US$),1.28,2.78,2.5,1.93,0.55,0.16,0.07,0.18,0.19,0.08,0.41,#N/A,#N/A,0.18,0.15,0.21,#N/A,#N/A,#N/A,#N/A,#N/A,0,0,0.04,0.33,0.21,0.08,0.01,19.61,5.07,26.59,35.4,65.92,181.74,1050,568.36,1001.39,1745.37,1096.43,781.47,469.01
Burundi,M534F618,India: Imports [cif] from Burundi (Mil.US$),1.43,0.6,#N/A,#N/A,#N/A,#N/A,#N/A,#N/A,#N/A,#N/A,6.13,#N/A,#N/A,0.34,#N/A,0.53,0.05,#N/A,0.15,0.05,0.07,0.07,#N/A,0.23,0.4,0.14,#N/A,1.39,0.83,0.74,0.22,0.69,0.42,0.12,0.29,0.16,1.22,11.03,10.2,2.55,1.53
Cameroon,M534F622,India: Imports [cif] from Cameroon (Mil.US$),#N/A,#N/A,#N/A,#N/A,#N/A,#N/A,#N/A,#N/A,#N/A,0.12,0.09,0.54,0.18,0.03,3.76,1.88,3.13,12.85,7.9,8.33,6.77,7.39,7.14,9.37,11.18,12.1,8.76,16.01,31.68,63.61,209.79,332.92,506.9,298.13,582.62,750.57,428.44,213.83,304.33,426.13,356.69
Cape Verde,M534F624,India: Imports [cif] from Cabo Verde (Mil.US$),#N/A,#N/A,#N/A,#N/A,#N/A,#N/A,#N/A,#N/A,#N/A,#N/A,#N/A,#N/A,#N/A,#N/A,#N/A,#N/A,#N/A,#N/A,#N/A,#N/A,#N/A,#N/A,#N/A,#N/A,#N/A,0,0,0,0,0,2,3,3,4,3,3,2,3,3,2,2
CAR,M534F626,India: Imports [cif] from Central African Republic (Mil.US$),#N/A,#N/A,#N/A,#N/A,#N/A,#N/A,#N/A,#N/A,#N/A,#N/A,0.04,#N/A,#N/A,#N/A,#N/A,0.11,#N/A,#N/A,#N/A,#N/A,0.07,4.7,#N/A,0.09,0.22,0.34,0.42,0.97,2.61,0.69,0.96,1.97,2.55,1.13,0.58,0.63,0.63,2.27,9.39,0.75,0.24
Chad,M534F628,India: Imports [cif] from Chad (Mil.US$),#N/A,#N/A,#N/A,#N/A,#N/A,#N/A,#N/A,#N/A,#N/A,#N/A,0.14,0.02,0,0.11,#N/A,0.18,#N/A,#N/A,#N/A,#N/A,#N/A,#N/A,1.41,3.05,2.03,0.44,0.14,0.78,3.66,7.26,0.56,0.16,45.96,141.02,14.79,367.82,140.96,86.13,502.88,255.12,115.84
Comoros,M534F632,India: Imports [cif] from Comoros (Mil.US$),#N/A,#N/A,#N/A,#N/A,#N/A,#N/A,#N/A,#N/A,0.04,0.24,#N/A,0.06,#N/A,#N/A,1.36,#N/A,#N/A,0.23,0.08,#N/A,#N/A,0.58,0.46,0.44,0.23,2.95,6.18,3.29,0.64,0.46,8.36,2.52,5.61,7.45,12.17,12.67,23,28.23,41.13,18.7,19.08
Congo (Brazzaville),M534F634,India: Imports [cif] from Rep of Congo (Mil.US$),2.93,0.05,0.32,2.58,3.46,1.2,3.18,1.59,3.4,1.14,#N/A,#N/A,0.06,0.28,3.99,#N/A,#N/A,1.73,5.6,2.43,6.63,1.95,2.89,4.77,17.07,38.45,55.8,93.12,492.32,457.64,645.9,109.23,612.21,90.51,268.28,307.02,143.61,142.62,411.35,646.52,244.25
Democratic Republic of Congo,M534F636,"India: Imports [cif] from Congo, Dem Rep (Mil.US$)",25.37,9.82,9.5,60.11,76.25,37.55,40.36,66.19,70.69,48.32,63.38,69.42,56.61,25.24,29.54,30.25,37.39,34.83,12.9,1.78,0.28,0.12,#N/A,0.07,1.62,11.29,16.33,14.59,122.88,142.07,11.93,6.03,3.29,23.06,118.69,104.4,60.05,217.78,54.36,28.92,14.79
Benin,M534F638,India: Imports [cif] from Benin (Mil.US$),#N/A,#N/A,#N/A,#N/A,#N/A,#N/A,0.04,0.06,0.05,0.36,1.11,2.36,3.68,5.26,5.56,15.56,9.76,12.58,12.98,35.23,49.75,39.52,39.4,49.44,72.15,78.05,79.97,74.2,119.05,117.48,140.03,288.76,245.86,176.43,215.42,278.24,207.61,211.19,370.32,334.13,356.37
Equatorial Guinea,M534F642,India: Imports [cif] from Eq Guinea (Mil.US$),#N/A,#N/A,#N/A,#N/A,#N/A,#N/A,#N/A,#N/A,#N/A,#N/A,#N/A,#N/A,#N/A,#N/A,#N/A,#N/A,#N/A,#N/A,#N/A,#N/A,#N/A,#N/A,0.01,0.2,0.61,0.24,0.1,123.07,92.01,144.02,125.59,0.69,452.77,504.55,715.8,419.13,909.84,607.6,633.28,964.65,357.39
Eritrea,M534F643,India: Imports [cif] from Eritrea (Mil.US$),#N/A,#N/A,#N/A,#N/A,#N/A,#N/A,#N/A,#N/A,#N/A,#N/A,#N/A,#N/A,#N/A,#N/A,#N/A,#N/A,#N/A,#N/A,#N/A,#N/A,#N/A,#N/A,#N/A,#N/A,#N/A,0.99,0.5,1.2,7.02,0.09,0.54,3.16,11.19,2.94,199.76,169.38,63.12,2.11,#N/A,#N/A,0
Ethiopia,M534F644,India: Imports [cif] from Ethiopia (Mil.US$),0.16,0.02,0.04,0.04,0.36,0.55,0.12,#N/A,0,0.03,0.01,#N/A,0,0.6,1.38,0.77,0.47,0.78,0.43,0.75,3.08,18.52,12.51,8.29,9.47,8.95,10.64,13.05,11.5,15.75,28.58,32.89,32.65,29.42,37.3,60.28,70.25,45.44,58.21,101.36,30.9
Gabon,M534F646,India: Imports [cif] from Gabon (Mil.US$),#N/A,#N/A,#N/A,#N/A,#N/A,#N/A,#N/A,#N/A,0.07,0.45,0.24,0.57,0.76,1.37,0.11,0.32,5.28,9.15,9.23,6.2,12.2,9.68,18.33,22.09,35.82,42.27,97.21,119.28,212.58,179.91,319.33,68.99,838.33,922.89,789.25,115.32,64.58,263.9,575.12,150.64,317.13
Gambia,M534F648,India: Imports [cif] from Gambia (Mil.US$),#N/A,#N/A,#N/A,#N/A,#N/A,#N/A,#N/A,#N/A,#N/A,#N/A,#N/A,#N/A,#N/A,#N/A,0.69,0.69,0.21,0.05,0.6,0.65,0.3,0.54,3.52,3.96,9.55,12.56,16.66,15.8,28.71,28.97,14.54,39.48,27.65,31.77,36.26,31.68,42.73,57.86,44.48,40.9,38.79
Ghana,M534F652,India: Imports [cif] from Ghana (Mil.US$),11.45,0.21,1.54,18.39,29.97,0.66,10.69,14.64,20.82,0.65,2.74,3.46,5.25,12.23,15.57,16.58,10.12,4.73,5.38,9.85,23.15,19.37,18.96,29.36,45.45,72.01,97.14,131.15,197.16,137.2,156.65,389.97,273.52,259.18,804.25,3217,1445.08,2754.97,3570.05,2498.96,1206.22
Guinea-Bissau,M534F654,India: Imports [cif] from Guinea-Bissau (Mil.US$),0.03,#N/A,#N/A,#N/A,#N/A,#N/A,#N/A,#N/A,0.09,#N/A,14.05,20.45,2.94,6.39,27.77,31.74,7.45,36.15,24.9,31.78,55.3,9.67,37.96,51.19,66.26,89.81,61.33,60.32,100.53,116.7,130.37,290.11,124.28,132.14,160.63,197.78,215.7,255.16,124.51,121.7,128.74
Guinea,M534F656,India: Imports [cif] from Guinea (Mil.US$),1.05,#N/A,#N/A,#N/A,#N/A,#N/A,#N/A,#N/A,0.49,5.87,6.99,0.92,1.48,8.67,6.19,0.19,3.54,0.08,4,4.93,4.58,5.08,15.11,6.91,21.38,23.59,262.36,610.84,342.42,64.37,355.5,127.63,215.95,624.95,573.91,476.66,254.22,506.32,408.3,393.98,1006.91
Côte d'Ivoire,M534F662,India: Imports [cif] from Cote d'Ivoire (Mil.US$),0.53,0.08,#N/A,#N/A,#N/A,#N/A,#N/A,#N/A,3.24,7.85,5.76,10.61,11.95,9.71,32.25,39.92,45.49,51.55,41.48,82.65,116.7,77.73,83.61,96.33,143.18,185.46,184.73,194.85,292.53,316.09,260.61,410.96,444.23,328.33,529.14,569.63,449.25,437.81,552.63,508.11,260.78
Kenya,M534F664,India: Imports [cif] from Kenya (Mil.US$),11.13,11.46,10.33,12.35,3.78,7.7,7.95,7.97,8.75,7.58,22.13,9.24,10.78,11.02,13.47,14.38,15.25,20.58,32.38,24.8,19.5,27.44,33.15,39.84,43.91,48.07,54.49,79,82.64,76.3,109.09,131.16,102.45,121.08,127.76,111.76,126.47,72.07,130.99,96.07,96.27
Lesotho,M534F666,India: Imports [cif] from Lesotho (Mil.US$),#N/A,#N/A,0.52,1.02,2.07,2.84,0.38,0.76,1.27,#N/A,2.75,#N/A,0.98,2.51,0.66,0.1,#N/A,#N/A,#N/A,#N/A,#N/A,#N/A,0,#N/A,0,#N/A,#N/A,#N/A,0.29,0,1.56,2.36,4.03,3.74,1.15,5.15,13.55,74.3,26.73,0.04,0.08
Liberia,M534F668,India: Imports [cif] from Liberia (Mil.US$),#N/A,1.26,0.61,#N/A,#N/A,#N/A,#N/A,#N/A,2.58,5.51,6.93,0.02,0,16.5,#N/A,#N/A,17.23,7.1,0.95,8.78,7.87,6.16,12.45,3.58,5.51,106.24,67.05,191.54,301.55,19.6,17.73,11.24,10.3,36.06,7.69,83.56,5.89,37.14,141.66,7.78,6.66
Libya,M534F672,India: Imports [cif] from Libya (Mil.US$),1.93,5.72,6.97,9.56,21.1,54.82,22.26,8.4,6.22,#N/A,23.26,#N/A,31.08,38.51,25.89,57.02,65.25,39.65,10.35,15.83,10.9,9.76,4.59,8.52,12.8,12.35,104.14,967.13,761.98,534.62,785.37,365.95,1332.22,990.13,73.6,9.36,5.64,26.91,177.6,82.02,12.65
Madagascar,M534F674,India: Imports [cif] from Madagascar (Mil.US$),0.7,5.18,0.51,0.03,0.84,1.05,7.42,2.04,4.47,5.56,0.21,1.82,0.76,0.28,1.43,2.35,1.77,3.45,3.13,3.3,1.15,1.86,3.51,4.77,6.9,14.26,18.52,17.35,13.03,21.9,20.71,62.63,90.55,51.58,71.23,129.18,127.1,140.15,150.97,272.73,109.26
Malawi,M534F676,India: Imports [cif] from Malawi (Mil.US$),#N/A,0.6,#N/A,#N/A,#N/A,#N/A,#N/A,1.17,2,0.07,#N/A,#N/A,0,0,#N/A,2.63,1.93,1.35,0.43,0.55,0.37,1.69,1.7,4.16,4.92,2.62,4.21,12.84,13.86,85.23,33.71,20.33,42.64,19.54,31.34,66.57,42.04,18.94,19.62,36.26,4.54
Mali,M534F678,India: Imports [cif] from Mali (Mil.US$),#N/A,#N/A,#N/A,#N/A,#N/A,#N/A,#N/A,#N/A,0.03,0.18,0.18,#N/A,0.08,0.69,#N/A,0.19,3.87,0.1,0.1,6.55,12.15,1.74,15.38,28.37,17.07,5.19,2.73,3.7,8.28,4.64,3.07,4.59,25.58,76.23,73.75,152.42,176.54,123.52,21.5,35.9,18.58
Mauritania,M534F682,India: Imports [cif] from Mauritania (Mil.US$),#N/A,#N/A,0.91,0.35,#N/A,#N/A,#N/A,0.04,0.03,#N/A,#N/A,#N/A,#N/A,0.01,0.21,#N/A,#N/A,0.08,0.03,#N/A,#N/A,0.01,0.02,0.03,0.97,1.09,0.74,1.04,4.68,1.89,1.72,2.6,7.74,11.02,30.14,28.84,14.25,4.37,15.03,11.42,5.94
Mauritius,M534F684,India: Imports [cif] from Mauritius (Mil.US$),0.06,0.07,0.16,0.04,0.11,0.15,0.02,#N/A,0.07,0.29,0.08,0.26,0.45,0.39,0.89,8.83,3.33,5.5,3,3.43,5.63,3.08,12.92,9.69,7.2,7.29,12.72,11.18,15.91,9.23,16.04,34.42,31.41,21.37,21.54,20.11,18.99,18.45,74.85,26.65,37.12
Morocco,M534F686,India: Imports [cif] from Morocco (Mil.US$),28.49,29.44,45.5,38.54,67.77,119.74,156.36,113.33,159.46,51.17,216.32,360.5,329.27,133.71,263.34,302.98,304.54,432.78,416.85,415.58,341.5,252.64,216.34,241.62,256.32,432.82,482.57,496.79,990.44,731.08,864.28,1490.85,1430.72,934.68,868.36,1097.12,839.76,774.09,1172.4,1102.88,1286.4
Mozambique,M534F688,India: Imports [cif] from Mozambique (Mil.US$),#N/A,#N/A,#N/A,#N/A,#N/A,#N/A,#N/A,#N/A,0.18,0.5,0.28,2.31,5.63,23.16,17.56,6.63,31.6,17.25,22.48,31.63,24.4,12.81,22.48,24.65,36.55,48.35,33.89,42.62,59.49,43.59,87.37,124.16,257.78,245.65,328.43,374.64,411.2,983.03,1031.3,856.89,711.59
Niger,M534F692,India: Imports [cif] from Niger (Mil.US$),#N/A,#N/A,#N/A,#N/A,#N/A,#N/A,#N/A,#N/A,0,#N/A,#N/A,#N/A,#N/A,38.76,#N/A,#N/A,0.01,0.08,0.03,0.08,1.23,2.08,0.19,1.67,1.11,0.75,4.25,1.85,0.51,0.26,10.42,0.13,69.23,0.51,0.54,0.22,0.16,19.76,1,0.78,4.16
Nigeria,M534F694,India: Imports [cif] from Nigeria (Mil.US$),1.13,17.97,0.36,0.37,0.66,0.37,0.57,37.46,29.3,4.73,20.35,125.18,625.42,771.15,456.81,628.83,1372.77,1218.03,1162.15,2490.73,779.95,73.4,80.37,76.26,55.02,66.45,5288.32,7468.8,10093,5674.82,10297.6,13750.21,13379.99,12850.63,15674.13,10220.3,7404.76,8339.16,11169.96,10609.37,6335.33
Reunion,M534F696,,,,,,,,,,,,,,,,,,,,,,,,,,,,,,,,,,,,,,,,,,
Zimbabwe,M534F698,India: Imports [cif] from Zimbabwe (Mil.US$),#N/A,1.01,6.2,2.28,4.52,10.59,9.32,8.55,9.6,10.56,11.48,9.04,12.85,9.16,9.76,15.42,12.41,16.33,15.48,14.23,9.73,12.55,15.16,15.83,23.9,25.95,30.54,24.73,15.62,18.96,12.5,9.02,33.01,10.32,30.23,22.46,48.3,71.18,17.14,11.99,2.48
Rwanda,M534F714,India: Imports [cif] from Rwanda (Mil.US$),#N/A,#N/A,#N/A,#N/A,#N/A,#N/A,#N/A,#N/A,#N/A,#N/A,#N/A,#N/A,#N/A,#N/A,#N/A,#N/A,#N/A,#N/A,#N/A,#N/A,#N/A,0,#N/A,#N/A,1,0,1,1,3,0,0,0,0,0,1,2,1,4,7,4,6
São Tomé and Príncipe,M534F716,India: Imports [cif] from Sao Tome & Principe (Mil.US$),#N/A,#N/A,#N/A,#N/A,#N/A,#N/A,#N/A,#N/A,#N/A,#N/A,8.25,#N/A,#N/A,#N/A,#N/A,#N/A,#N/A,#N/A,#N/A,#N/A,#N/A,#N/A,#N/A,0.01,#N/A,0.01,0,0,0.07,0.05,0.05,0.06,0.02,#N/A,0.04,0.01,0.02,#N/A,0.01,#N/A,0.08
Seychelles,M534F718,India: Imports [cif] from Seychelles (Mil.US$),#N/A,#N/A,#N/A,#N/A,#N/A,#N/A,1.9,#N/A,#N/A,0.04,#N/A,0.01,#N/A,0.02,#N/A,4.27,#N/A,0.23,0.08,#N/A,#N/A,0.02,0.05,0.06,0.45,1,0.85,0.89,1.26,1,8.94,2.94,2.47,1.67,0.92,0.83,0.95,0.79,5.02,4.84,3.54
Senegal,M534F722,India: Imports [cif] from Senegal (Mil.US$),6.6,4.47,7.29,5.63,14.84,48.08,45.8,27.18,29.45,41.7,86.53,101.29,120,21.06,11.68,24.48,8.89,41.05,99.85,94.75,55.05,103.8,162.7,151.82,163.47,264.72,127.71,130.66,204.62,231.13,182.95,391.91,118.89,118.56,207.07,227.37,335.51,545.39,620.76,485.14,394.72
Sierra Leone,M534F724,India: Imports [cif] from Sierra Leone (Mil.US$),0.12,0.02,0.13,0.61,0.44,#N/A,1.22,0.09,0.23,#N/A,0,#N/A,#N/A,0.02,#N/A,#N/A,#N/A,#N/A,0.15,0.13,0.77,0.51,3.22,5.89,3.32,3.24,2.65,38.18,54.6,3.78,6.96,5.22,5.28,5.72,17.26,20.11,13.31,21.23,13.88,20.51,13.4
Somalia,M534F726,India: Imports [cif] from Somalia (Mil.US$),0.11,0.01,0.01,#N/A,0.02,#N/A,0.03,0.02,0.05,0.72,1.35,0.59,1.82,0.37,1.05,0.72,12.06,4.1,0.95,0.8,2.53,4.83,23.56,13.92,7.32,10.53,16.5,10.33,9.62,3.82,9.27,3.11,7.39,39.45,49.57,16.49,17.47,3.87,11.47,21.91,5.11
British Somaliland,M534F727,,,,,,,,,,,,,,,,,,,,,,,,,,,,,,,,,,,,,,,,,,
Namibia,M534F728,India: Imports [cif] from Namibia (Mil.US$),#N/A,0.03,#N/A,#N/A,#N/A,#N/A,#N/A,#N/A,#N/A,0.02,#N/A,#N/A,0,0.01,1.89,0.09,0.02,0.08,0.03,0.15,0.35,0.19,2.5,0.89,0.06,15.59,7.76,16.58,2.78,40.31,34.24,13.47,8.15,14.17,31.78,12.44,35.09,59.98,68.13,22.77,32.36
Sudan,M534F732,India: Imports [cif] from Sudan (Mil.US$),2.02,1.05,2.28,2.21,2.93,2.68,1.79,1.15,9.57,6.3,1.9,0.1,1.9,0.53,10.86,16.64,5.59,4.95,12.45,8.73,#N/A,#N/A,#N/A,#N/A,#N/A,#N/A,#N/A,#N/A,561.17,378.37,644.33,479.95,177.75,315.89,655.86,188.88,169.59,477.88,703.48,466.59,254.23
Swaziland,M534F734,India: Imports [cif] from eSwatini (Mil.US$),0.09,1.65,1.58,1.93,0.49,0.64,0.02,0.02,0.01,0.53,0,#N/A,0.88,3.95,2.68,2.01,1.34,2.53,0.48,0.53,0.83,0.35,0.39,1.38,2.75,18.51,48.59,42.09,48.64,19.21,98.37,55.23,76.7,30.78,119.8,41.56,30.41,25.22,9.62,7.69,5.71
Tanzania,M534F738,India: Imports [cif] from Tanzania (Mil.US$),35.81,55.81,37.54,34.02,34.92,23.02,30.04,35.22,34.73,19.94,29.89,34.56,37.2,43.75,58.03,63.6,96.86,69.48,110.45,124.53,75.75,83.15,87.39,104.78,123.56,122.73,103.52,147.89,196.64,250.21,284.4,254.75,523.43,847.18,927.24,1006.97,827.91,1106.55,1014.39,858.79,912.67
Togo,M534F742,India: Imports [cif] from Togo (Mil.US$),#N/A,#N/A,#N/A,#N/A,#N/A,11.69,3.76,5.55,7.95,10.01,17.22,10.82,0.97,1.52,2.21,7.61,2.05,8.38,3.55,11,13.07,12.13,12.34,18.71,34.38,70.95,77.01,64.72,106.73,84.85,87.48,126.28,196.15,139.97,206.19,257.38,132.35,145.58,282.82,363.36,255.93
Tunisia,M534F744,India: Imports [cif] from Tunisia (Mil.US$),7.18,0.37,11.03,9.14,9.33,24.72,15.91,7.47,23.73,54.84,42.66,86.36,98.85,44.25,77.43,92.45,89.54,137.1,186.35,190.33,111.35,97.45,96.16,71.9,82.08,99.6,133.45,153.13,597.08,236.25,303.23,145.14,225.64,117.66,185.63,115.24,152.25,117.29,137.77,140.3,127.35
Uganda,M534F746,India: Imports [cif] from Uganda (Mil.US$),0.05,0.02,#N/A,#N/A,0,0.06,0.14,0.01,0.03,#N/A,0.55,1.04,0.45,0.4,0.23,0.49,1.42,0.83,0.35,1.8,2.9,1.3,1.78,2.03,5.3,3.78,4.25,12.52,18.48,13.1,13.15,16.94,27.58,32.7,36.6,37.23,68.22,59.7,30.25,33.06,35.67
Burkina Faso,M534F748,India: Imports [cif] from Burkina Faso (Mil.US$),#N/A,#N/A,#N/A,#N/A,#N/A,#N/A,#N/A,#N/A,#N/A,1.01,#N/A,#N/A,#N/A,#N/A,#N/A,#N/A,#N/A,#N/A,1.58,10.05,11.05,12.18,10.37,10.24,8.94,4.13,4.84,15.91,42.95,7.38,3.19,19.8,14.63,16.42,79.96,276.79,175.62,650.19,703.7,684.29,340.36
Zambia,M534F754,India: Imports [cif] from Zambia (Mil.US$),75.2,71.48,62.34,85.58,71.92,92.16,61.14,103.98,96.75,136.46,100.2,49.38,81.52,45.13,56.44,66.23,80.99,98.93,53.63,29.28,15.2,12.48,14.17,17.51,21.81,36.16,74.82,77.66,132.23,159.82,48.49,123.55,289.03,303.75,229.77,404.24,723.3,953.32,651.04,747.97,342.28
Spanish Sahara,M534F798,,,,,,,,,,,,,,,,,,,,,,,,,,,,,,,,,,,,,,,,,,
Solomon Islands,M534F813,India: Imports [cif] from Solomon Islands (Mil.US$),#N/A,#N/A,#N/A,#N/A,#N/A,#N/A,#N/A,#N/A,0.32,0.18,1.16,0.53,0.25,0.02,0.92,#N/A,2.1,1.73,6.43,2.95,2.5,4.49,1.99,2,0.78,2.15,2.16,5.42,0.64,1.22,0.01,14.76,20.24,4.05,5.35,68.33,60.58,55.06,66.24,41.79,20.38
Faeroe Islands,M534F816,India: Imports [cif] from Faroe Islands (Mil.US$),#N/A,#N/A,#N/A,#N/A,#N/A,#N/A,#N/A,0.02,0.01,#N/A,#N/A,#N/A,0.02,#N/A,#N/A,#N/A,#N/A,#N/A,0.08,0.03,#N/A,#N/A,#N/A,0,#N/A,0.02,0.03,0.14,0.01,0.08,7.37,0.04,#N/A,0,0.05,0.05,#N/A,#N/A,0.04,#N/A,#N/A
Fiji,M534F819,India: Imports [cif] from Fiji (Mil.US$),#N/A,0.01,0.69,#N/A,0.11,0.02,0.06,#N/A,#N/A,0.36,#N/A,#N/A,0,0.02,#N/A,#N/A,#N/A,#N/A,#N/A,#N/A,#N/A,0.01,0.01,1.28,0.65,0.71,14.16,4.84,0.5,1.41,2.13,2.67,1.28,2.02,1.1,1.28,0.61,0.41,0.72,0.71,0.85
Gibraltar,M534F823,India: Imports [cif] from Gibraltar (Mil.US$),#N/A,#N/A,#N/A,#N/A,#N/A,#N/A,#N/A,#N/A,#N/A,#N/A,#N/A,#N/A,#N/A,0.03,#N/A,3.34,0.01,#N/A,#N/A,#N/A,#N/A,#N/A,0.32,#N/A,0,0.27,0.1,0.19,0.2,0,11.6,0.06,0,0.22,0,#N/A,#N/A,#N/A,0.03,1.01,0.35
Kiribati,M534F826,India: Imports [cif] from Kiribati (Mil.US$),#N/A,#N/A,#N/A,#N/A,#N/A,#N/A,#N/A,#N/A,0,0.01,#N/A,#N/A,#N/A,0.02,#N/A,#N/A,#N/A,#N/A,#N/A,#N/A,#N/A,#N/A,#N/A,0.13,#N/A,#N/A,0.03,0.01,0.06,#N/A,0.45,#N/A,0.08,0,0.01,#N/A,#N/A,#N/A,#N/A,#N/A,#N/A
Guam,M534F829,India: Imports [cif] from Guam (Mil.US$),#N/A,#N/A,#N/A,#N/A,#N/A,#N/A,#N/A,#N/A,#N/A,#N/A,#N/A,#N/A,#N/A,#N/A,#N/A,#N/A,#N/A,#N/A,#N/A,#N/A,#N/A,#N/A,0,#N/A,#N/A,1,0,0,0,#N/A,0,0,0,#N/A,0,#N/A,#N/A,#N/A,#N/A,#N/A,0
Nauru,M534F836,India: Imports [cif] from Nauru (Mil.US$),#N/A,#N/A,#N/A,#N/A,#N/A,#N/A,#N/A,#N/A,1.4,#N/A,#N/A,#N/A,#N/A,0,#N/A,#N/A,0.71,0.18,1.58,6.6,7.57,3.67,2.14,3.31,2.18,0.56,0.61,0.49,24.37,16.55,7.03,10.07,26.2,4.74,5.2,10.8,0.05,0.01,0.16,0.07,#N/A
New Caledonia,M534F839,India: Imports [cif] from New Caledonia (Mil.US$),#N/A,#N/A,#N/A,0.43,4.17,6.85,2.93,4.33,8.12,8.9,1.86,3.47,2.79,2.51,3.15,7.32,0.16,0.15,0.05,0.15,0.35,0.79,1.2,8.7,8.61,4.62,16.78,12.96,14.65,2.4,6.51,8.78,23.09,31.67,24.12,31.9,41.2,11.25,0.24,0.17,1.15
Vanuatu,M534F846,India: Imports [cif] from Vanuatu (Mil.US$),#N/A,#N/A,#N/A,#N/A,#N/A,#N/A,#N/A,#N/A,#N/A,#N/A,#N/A,#N/A,#N/A,#N/A,#N/A,#N/A,#N/A,#N/A,#N/A,5,24,3,#N/A,11,4,36,19,3,8,0,0,0,5,#N/A,0,0,0,#N/A,#N/A,0,0
Papua New Guinea,M534F853,India: Imports [cif] from Papua New Guinea (Mil.US$),#N/A,#N/A,#N/A,#N/A,#N/A,#N/A,1.58,2.38,4.9,1.61,2.97,3.49,3.62,4.6,2.29,2.97,3.51,3.08,2.23,1.63,0.6,0.19,0.32,0.81,69.92,71.89,226.01,215.58,271.55,102.27,150.29,204.68,110.29,173.91,210.32,190.19,98.41,158.69,114.17,75.61,83.4
St Helena,M534F856,,,,,,,,,,,,,,,,,,,,,,,,,,,,,,,,,,,,,,,,,,
Wallis-Futuna,M534F857,,,,,,,,,,,,,,,,,,,,,,,,,,,,,,,,,,,,,,,,,,
American Samoa,M534F859,India: Imports [cif] from American Samoa (Mil.US$),#N/A,#N/A,#N/A,#N/A,#N/A,#N/A,#N/A,#N/A,#N/A,#N/A,#N/A,#N/A,#N/A,#N/A,#N/A,#N/A,#N/A,#N/A,#N/A,#N/A,#N/A,#N/A,0,0,0,0,63,22,0,0,0,1,1,0,1,1,0,0,#N/A,2,2
Wake Islands,M534F861,,,,,,,,,,,,,,,,,,,,,,,,,,,,,,,,,,,,,,,,,,
Samoa,M534F862,India: Imports [cif] from Samoa (Mil.US$),#N/A,#N/A,#N/A,#N/A,#N/A,#N/A,#N/A,#N/A,#N/A,#N/A,#N/A,#N/A,0,#N/A,0.03,0.18,#N/A,#N/A,#N/A,0.6,0.35,#N/A,#N/A,0.01,#N/A,0.04,0.84,0.28,0.02,0.05,0.12,0.06,0.18,0.06,1.16,0.95,7.83,0.23,2.47,3,0.64
Tonga,M534F866,India: Imports [cif] from Tonga (Mil.US$),#N/A,#N/A,#N/A,#N/A,#N/A,#N/A,#N/A,#N/A,#N/A,0.01,#N/A,#N/A,#N/A,#N/A,#N/A,#N/A,#N/A,#N/A,#N/A,#N/A,#N/A,#N/A,#N/A,0.89,#N/A,0.08,0.15,#N/A,0.24,0,0.11,0.11,0.07,0.02,0.01,0,0.05,#N/A,0.05,#N/A,0
Tuvalu,M534F869,India: Imports [cif] from Tuvalu (Mil.US$),#N/A,#N/A,#N/A,#N/A,#N/A,#N/A,#N/A,#N/A,#N/A,#N/A,#N/A,#N/A,#N/A,#N/A,#N/A,#N/A,#N/A,#N/A,#N/A,#N/A,#N/A,#N/A,#N/A,0,#N/A,0,#N/A,1,0,0,#N/A,#N/A,0,#N/A,1,0,#N/A,0,#N/A,#N/A,#N/A
US Poss in Oceania,M534F877,,,,,,,,,,,,,,,,,,,,,,,,,,,,,,,,,,,,,,,,,,
Antartica,M534F886,,,,,,,,,,,,,,,,,,,,,,,,,,,,,,,,,,,,,,,,,,
Armenia,M534F911,India: Imports [cif] from Armenia (Mil.US$),#N/A,#N/A,#N/A,#N/A,#N/A,#N/A,#N/A,#N/A,#N/A,#N/A,#N/A,#N/A,#N/A,#N/A,0.06,0.23,0.13,0.03,#N/A,#N/A,0.45,0.54,0.23,0.53,0.75,1.75,57.67,21.87,3.69,2.34,6.42,6.98,1.68,0.69,1.85,14.05,1.34,0.4,0.73,1.85,75.07
Azerbaijan,M534F912,India: Imports [cif] from Azerbaijan (Mil.US$),#N/A,#N/A,#N/A,#N/A,#N/A,#N/A,#N/A,#N/A,#N/A,#N/A,#N/A,#N/A,#N/A,0,0.01,0.04,0.19,0.13,0.03,0.3,0.18,0.01,1.35,2.7,6.33,6.32,51.75,146.25,245.2,100.18,327.05,493.47,930.17,957.77,421.85,83.75,280.94,538.78,315.94,339.04,58.41
Belarus,M534F913,India: Imports [cif] from Belarus (Mil.US$),#N/A,#N/A,#N/A,#N/A,#N/A,#N/A,#N/A,#N/A,#N/A,#N/A,#N/A,#N/A,#N/A,0.29,0.37,0.42,1.35,0.38,0.25,1.2,1.95,4.41,6.56,6.83,10.6,31.48,79.49,117.25,254.46,490.07,195.57,112.37,254.2,152.61,198.5,163.59,136.42,182.48,225.12,207.95,222.01
Albania,M534F914,India: Imports [cif] from Albania (Mil.US$),#N/A,#N/A,#N/A,#N/A,#N/A,#N/A,#N/A,#N/A,0.95,#N/A,0.03,#N/A,0.01,0.29,0.05,0.21,#N/A,#N/A,0.15,0.05,#N/A,0,0,0.01,0.03,0.15,0.08,0.43,0.62,0.27,0.07,92.63,43.97,151.88,98.57,12.04,8.48,36.64,14.06,61.49,4.49
Georgia,M534F915,India: Imports [cif] from Georgia (Mil.US$),#N/A,#N/A,#N/A,#N/A,#N/A,#N/A,#N/A,#N/A,#N/A,#N/A,#N/A,#N/A,#N/A,13.23,#N/A,0.02,#N/A,#N/A,#N/A,#N/A,0.45,0.43,5.06,5.76,12.61,18.76,61.25,26.78,16.23,8.7,28.38,65.63,55.33,23.72,26.16,21.37,30.11,24.34,22.18,13.1,79.79
Kazakhstan,M534F916,India: Imports [cif] from Kazakhstan (Mil.US$),#N/A,#N/A,#N/A,#N/A,#N/A,#N/A,#N/A,#N/A,#N/A,#N/A,#N/A,#N/A,#N/A,#N/A,3.86,7.76,9.65,30.15,18.3,13.23,13.88,10.67,11.39,10.13,13.85,23.57,72.73,79.64,139.32,147.25,157.79,122.81,169.94,435.67,923.55,336.78,322.11,981.55,743.81,1591.74,1283.22
Kyrgyz Republic,M534F917,India: Imports [cif] from Kyrgyzstan (Mil.US$),#N/A,#N/A,#N/A,#N/A,#N/A,#N/A,#N/A,#N/A,#N/A,#N/A,#N/A,#N/A,#N/A,7.61,#N/A,0.01,0.98,#N/A,0.08,1.38,3.75,0.56,0.49,0.52,0.6,1.26,0.95,0.87,0.96,0.61,1.04,0.74,2.21,0.65,0.49,1.57,1.78,30.74,1.7,2.04,5.3
Bulgaria,M534F918,India: Imports [cif] from Bulgaria (Mil.US$),45.33,85.72,79.89,11.51,25.55,50.35,34.61,8.58,12.96,21.37,20.79,14.9,37.58,42.34,13.81,38.31,44.66,17.75,4.55,29.43,19.38,15.57,10.37,10.47,15.98,22.54,64.33,109.16,92.54,31.17,51.76,99.62,83.39,89.05,108.44,88.3,121.62,197.82,130.6,137.74,127.76
Moldova,M534F921,India: Imports [cif] from Moldova (Mil.US$),#N/A,#N/A,#N/A,#N/A,#N/A,#N/A,#N/A,#N/A,#N/A,#N/A,#N/A,#N/A,#N/A,#N/A,#N/A,0.01,#N/A,0.1,0.03,#N/A,#N/A,0.02,1.36,0.47,0.12,0.2,0.39,0.41,7.42,1.07,0.11,0.5,0.25,0.75,1.66,4.85,3.11,9.59,0.69,0.42,0.15
Russia,M534F922,India: Imports [cif] from Russia (Mil.US$),#N/A,#N/A,#N/A,#N/A,#N/A,#N/A,#N/A,#N/A,#N/A,#N/A,#N/A,#N/A,199.93,#N/A,388.6,825.56,631.79,665.75,578.68,603.78,544.08,515.51,578.33,867.87,1188.94,1847.33,2312.67,2453.74,4372.77,3472.32,3596.16,4004.47,4754,3789.46,4221.14,4530.62,4821.28,7275.27,6849.39,6238,5937.62
Tajikistan,M534F923,India: Imports [cif] from Tajikistan (Mil.US$),#N/A,#N/A,#N/A,#N/A,#N/A,#N/A,#N/A,#N/A,#N/A,#N/A,#N/A,#N/A,#N/A,0.75,1.91,2.36,1.8,0.2,1.88,2.35,0.95,1.37,0.4,2.99,3.97,5.44,7.51,9.28,14.57,17.77,22.4,6.96,18.33,0.52,3.55,9.85,14.72,43.62,15.49,0.29,0.36
China,M534F924,India: Imports [cif] from P.R. China (Mil.US$),83.43,79.21,119.91,70.1,65.69,103.93,142.52,109.79,122.78,38.93,30.73,20.97,93.81,258.61,622.36,811.47,702.08,1028.7,1102.35,1240.03,1448.6,1809.15,2603.13,3737.92,6073.29,9925.53,15812.51,24691.96,33606.08,28839.64,41332.61,55299.34,52407.2,51456.48,58279.59,61592.82,60539.51,71955.71,73759,68344.55,58798.82
Turkmenistan,M534F925,India: Imports [cif] from Turkmenistan (Mil.US$),#N/A,#N/A,#N/A,#N/A,#N/A,#N/A,#N/A,#N/A,#N/A,#N/A,#N/A,#N/A,#N/A,#N/A,9.69,4.17,0.58,0.08,0.08,0.33,0.92,1.64,4.54,8.35,10.15,11.98,12.13,9.45,12.3,8.02,12.72,13.92,9.19,12.75,15.51,46.56,21.75,14.34,33.42,3.73,0.69
Ukraine,M534F926,India: Imports [cif] from Ukraine (Mil.US$),#N/A,#N/A,#N/A,#N/A,#N/A,#N/A,#N/A,#N/A,#N/A,#N/A,#N/A,#N/A,#N/A,#N/A,146.18,247.05,198.96,165.25,146.78,148.4,135.8,193.49,187.94,225.1,427.41,728.96,947.05,913.48,1399.64,1525.06,1348.66,2128.73,2581.02,2131.35,2200.47,1806.14,1954.14,2555.64,2281.01,2092.63,2117.48
Uzbekistan,M534F927,India: Imports [cif] from Uzbekistan (Mil.US$),#N/A,#N/A,#N/A,#N/A,#N/A,#N/A,#N/A,#N/A,#N/A,#N/A,#N/A,#N/A,#N/A,1.04,5.89,10.79,4.39,2.68,1.95,10.18,11.2,17.4,19.73,25.91,29,27.47,31.94,20.52,76.13,27.75,24.16,52.75,32.68,35.05,38.89,56.79,46.49,94.04,107.07,92.29,15.61
Cuba,M534F928,India: Imports [cif] from Cuba (Mil.US$),#N/A,0.35,4.82,4.46,8.59,20.73,0.94,26.97,21.28,9.65,9.31,4.42,7.28,3.72,2.06,4.93,6.06,5.78,4.23,4.38,4.9,4.98,3.68,2.29,1.76,2.92,1.66,10.96,14.53,1.44,1.09,3.32,4.67,2.53,1.2,1.52,1.18,2.05,3.96,2.61,70.46
Czech Republic,M534F935,India: Imports [cif] from Czech Republic (Mil.US$),#N/A,#N/A,#N/A,#N/A,#N/A,#N/A,#N/A,#N/A,#N/A,#N/A,#N/A,#N/A,#N/A,31.48,37.39,59,58,#N/A,#N/A,#N/A,#N/A,37.52,#N/A,105.23,158.62,239.12,330.4,423.55,583.79,481.68,623.94,731.56,681.24,544.36,506.12,525.51,530.34,627.76,370.89,266.46,365.82
Slovakia,M534F936,India: Imports [cif] from Slovakia (Mil.US$),#N/A,#N/A,#N/A,#N/A,#N/A,#N/A,#N/A,#N/A,#N/A,#N/A,#N/A,#N/A,#N/A,#N/A,3.18,9.57,2.64,#N/A,#N/A,#N/A,#N/A,12.31,11.7,10.81,19.39,35.62,24.81,38.27,50.18,34.37,73.48,96.57,73.02,47.47,65.78,136.88,69.96,80.31,69.74,60.22,34.76
Estonia,M534F939,India: Imports [cif] from Estonia (Mil.US$),#N/A,#N/A,#N/A,#N/A,#N/A,#N/A,#N/A,#N/A,#N/A,#N/A,#N/A,#N/A,#N/A,0.85,0.1,3.03,0.17,0.05,0.45,0.83,0.45,0.44,2.11,0.35,0.56,6.94,21.93,14.62,16.22,32.66,42.51,161.18,282.11,103.1,114.37,159.08,88.04,74.43,82.29,81.94,62
Latvia,M534F941,India: Imports [cif] from Latvia (Mil.US$),#N/A,#N/A,#N/A,#N/A,#N/A,#N/A,#N/A,#N/A,#N/A,#N/A,#N/A,#N/A,#N/A,#N/A,18.77,11.44,7.8,11.6,12.35,3.73,3.53,0.73,2.36,1.03,0.91,7.87,26.01,38.7,102.28,151.21,170.23,187.15,75.68,76.5,69.78,61.93,39.71,49.38,109.59,190,166.98
Hungary,M534F944,India: Imports [cif] from Hungary (Mil.US$),32.51,36.71,29.41,42.85,23.27,38.48,34.07,37.39,49.49,64.58,93.92,35.89,33.41,25.74,16.56,15.55,9.18,10.93,10.08,11.65,14.43,17.54,21.44,25.65,30.32,31.6,94.84,113.93,159.67,194.72,327.89,410.67,294.5,231.09,236.27,250.28,211.46,259.09,259.36,191.6,200.08
Lithuania,M534F946,India: Imports [cif] from Lithuania (Mil.US$),#N/A,#N/A,#N/A,#N/A,#N/A,#N/A,#N/A,#N/A,#N/A,#N/A,#N/A,#N/A,#N/A,0.62,0,0.02,1.4,0.35,0.23,7.78,3.4,0.96,4.43,9.5,15.86,26.13,22.35,12.3,503.24,142.45,124.27,201.56,46.82,38.11,125.89,184.48,238.8,193.33,164.53,283.36,282.98
Mongolia,M534F948,India: Imports [cif] from Mongolia (Mil.US$),#N/A,#N/A,#N/A,#N/A,#N/A,#N/A,#N/A,0.24,0.19,0.57,1.69,0.02,#N/A,0.05,#N/A,0.02,0.09,0.18,0.2,0.28,0.15,0.01,0.42,0.69,0.34,1.27,2.09,7.53,19.72,1.89,2.1,21.77,10.2,8.91,3.66,4.62,2.37,1.81,0.84,1.25,0.83
North Korea,M534F954,India: Imports [cif] from North Korea (Mil.US$),54.78,27.1,20.16,21.81,7.13,8.7,18.62,13.68,21.46,39.56,18.23,10.45,77.31,8.5,14.2,73.67,24.88,51.13,82,35,18.63,3.79,4.32,1.98,3.12,44.76,382.88,243.72,116.01,6.08,146.79,10.25,190.36,81.76,109.25,99.24,87.69,35.51,4.86,2.87,1.93
Croatia,M534F960,India: Imports [cif] from Croatia (Mil.US$),#N/A,#N/A,#N/A,#N/A,#N/A,#N/A,#N/A,#N/A,#N/A,#N/A,#N/A,#N/A,#N/A,#N/A,2.34,2.57,2.11,#N/A,#N/A,#N/A,#N/A,1.29,0.72,5.75,3.39,22.63,50.16,28.1,8.32,15.38,42.61,29.5,18.3,10.44,28.55,26.49,28.85,32.27,35.71,56.73,31.85
Slovenia,M534F961,India: Imports [cif] from Slovenia (Mil.US$),#N/A,#N/A,#N/A,#N/A,#N/A,#N/A,#N/A,#N/A,#N/A,#N/A,#N/A,#N/A,#N/A,#N/A,20.1,45,29.9,#N/A,#N/A,#N/A,#N/A,24.86,59.33,63.22,30.99,23.07,33.13,52.27,73.67,97.95,110.84,117.36,140.74,120.51,107.36,91.05,103.68,101.44,215.48,242.49,262.32
Macedonia,M534F962,India: Imports [cif] from North Macedonia (Mil.US$),#N/A,#N/A,#N/A,#N/A,#N/A,#N/A,#N/A,#N/A,#N/A,#N/A,#N/A,#N/A,#N/A,#N/A,#N/A,2.59,3.97,#N/A,#N/A,#N/A,#N/A,0.87,0.74,0.19,0.08,2.9,1.15,0.27,0.69,24.79,2.61,4.78,27.29,25.83,5.9,7.37,20.95,33.49,35.17,22.7,3.41
Bosnia and Hercegovina,M534F963,India: Imports [cif] from Bosnia & Herzegovina (Mil.US$),#N/A,#N/A,#N/A,#N/A,#N/A,#N/A,#N/A,#N/A,#N/A,#N/A,#N/A,#N/A,#N/A,#N/A,#N/A,0.01,#N/A,#N/A,#N/A,#N/A,#N/A,0.11,2.5,2.36,0.6,0.32,0.41,9.28,1.97,1.23,1.12,34.98,20.76,2.62,4.24,3.54,3.79,7.61,4.05,2.19,2.64
Poland,M534F964,India: Imports [cif] from Poland (Mil.US$),52.07,34.31,60.53,55.34,50.05,60.83,81.37,62.01,55.28,73.12,79.2,79.12,77.46,41.29,51.73,89.22,66.01,31.73,33.53,37.33,41.58,39.95,36.98,46.5,78.12,103.45,114.85,171.21,263.69,343.36,397.02,565.02,834.61,668.45,629.45,572.59,650.76,750.26,797.38,882.17,636.37
Yugoslavia,M534F965,India: Imports [cif] from Serbia/Montenegro [DISC] (Mil.US$),#N/A,#N/A,#N/A,#N/A,#N/A,#N/A,#N/A,#N/A,#N/A,#N/A,#N/A,#N/A,#N/A,#N/A,#N/A,#N/A,0.53,#N/A,#N/A,#N/A,#N/A,#N/A,1.45,3.03,4.02,2.14,#N/A,#N/A,#N/A,#N/A,#N/A,#N/A,#N/A,#N/A,#N/A,#N/A,#N/A,#N/A,#N/A,#N/A,#N/A
Romania,M534F968,India: Imports [cif] from Romania (Mil.US$),85.1,134.01,84.43,72.31,91.95,101.96,108.11,46.22,56.19,46.96,47.08,25.36,55.05,27.11,35.41,71.86,205.39,84.55,47.75,25.88,21.3,42.16,46.29,65.34,142.9,244.7,286.34,386.13,388.71,232.31,202.33,400.14,374.32,387.71,313.04,290.69,321.45,377.34,345.76,290.96,173.53
Serbia,M534F942,India: Imports [cif] from Serbia (Mil.US$),#N/A,#N/A,#N/A,#N/A,#N/A,#N/A,#N/A,#N/A,#N/A,#N/A,#N/A,#N/A,#N/A,#N/A,#N/A,#N/A,#N/A,#N/A,#N/A,#N/A,#N/A,#N/A,#N/A,#N/A,#N/A,#N/A,#N/A,#N/A,#N/A,#N/A,#N/A,#N/A,#N/A,#N/A,#N/A,1.98,25.17,21.57,23.99,12.19,6.77
Montenegro,M534F943,India: Imports [cif] from Montenegro (Mil.US$),#N/A,#N/A,#N/A,#N/A,#N/A,#N/A,#N/A,#N/A,#N/A,#N/A,#N/A,#N/A,#N/A,#N/A,#N/A,#N/A,#N/A,#N/A,#N/A,#N/A,#N/A,#N/A,#N/A,#N/A,#N/A,#N/A,#N/A,#N/A,#N/A,#N/A,#N/A,#N/A,#N/A,#N/A,0.01,1.16,0.04,0.01,0.07,0.13,0.43
